1001	01	17	-3	1	351	1	5	4	0	67	72	8	342						
1001	02	17	-3	1	351	3	1	1	393										
1002	00	28	-4	1	13	1	3	2	*373	244	0								
1003	00	20	-2	1	13	1	9	9	*086	55	267	99	121	72	336	89	211		
1004	00	16	-3	1	13	1	7	7	59	127	245	343	75	245	245				
1005	00	17	-7	1	13	1	2	2	296	342									
1006	00	16	-2	1	11	1	11	11	233	81	99	389	65	336	89	87	155	124	169
1007	00	17	-3	1	13	1	2	2	*109	162									
1008	00	16	-3	1	13	1	8	8	76	402	87	59	67	336	89	211			
1010	00	17	-3	1	13	1	6	6	391	99	48	171	8	342					
1011	00	25	-5	1	13	1	9	9	267	99	67	296	9	342	17	407	169		
1012	01	25	-2	1	13	1	10	10	150	123	51	130	149	342	150	123	387	342	
1012	02	25	-2	1	13	1	3	3	28	400	404								
1013	00	16	-3	1	13	1	4	4	51	130	149	342							
1014	00	25	-3	1	11	1	7	7	267	99	87	59	67	194	342				
1015	00	20	-2	1	13	1	3	3	197	28	54								
1016	01	20	-3	1	13	1	6	6	245	245	345	65	158	*169			
1016	02	20	-3	1	13	3	1	1	393								
1017	00	17	-3	1	13	1	8	7	221	127	345	53	171	59	*397	0	
1018	10	17	-2	1	0	3	1	1	336								
1018	20	17	-2	1	13	1	4	4	17	336	189	252					
1019	00	20	-5	1	13	1	5	5	267	99	104	59	211				
1020	00	5	-5	1	11	1	8	7	175	230	343	336	0	194	48	342	
1021	00	22	-4	1	13	1	9	9	293	123	345	65	67	51	130	149	342
1022	00	15	0	1	13	1	5	5	267	99	204	367	342				
1023	00	17	-9	1	13	1	8	8	*267	*099	53	87	59	48	294	342	
1024	00	20	-6	1	13	1	7	7	293	123	343	72	65	8	342		
1025	00	25	-2	1	13	1	2	2	112	169							
1026	00	4	-9	1	11	1	7	7	87	197	87	99	336	347	342		
1027	00	20	-5	1	11	1	8	7	0	*216	*123	51	130	342	48	342	
1028	00	24	-4	1	11	1	6	6	86	381	99	48	8	342			
1029	00	17	-5	1	13	1	5	5	293	123	344	102	402				
1030	00	16	0	1	13	1	6	6	336	89	211	97	86	15	
1031	00	17	-5	1	11	1	5	5	*238	267	99	104	169		
1032	00	17	-5	1	13	1	7	7	267	99	153	153	171	59	211
1033	00	16	-7	1	13	1	7	7	223	149	180	99	72	219	342
1034	00	25	-3	1	11	1	3	2	0	244	342				
1035	00	18	-5	1	13	1	5	5	219	381	99	109	162		
1036	00	29	-6	1	13	1	5	5	76	402	68	287	267		
1037	00	25	-1	1	13	1	4	4	409	96	19	391			
1038	00	20	-3	1	13	1	3	3	244	17	336				
1039	00	20	-2	1	13	1	6	5	267	99	100	155	*102	0	
1040	00	26	-4	1	13	1	4	4	65	249	169	342			
1041	00	20	-4	1	13	1	6	6	293	123	343	102	59	211	
1042	00	17	-2	1	13	1	7	7	34	99	72	325	296	87	342
1043	00	25	-5	1	13	1	3	3	27	297	12				
1044	00	24	-2	1	13	1	3	3	65	53	342				
1045	00	25	-3	1	13	1	2	2	387	14					
1046	00	24	-4	1	13	1	3	3	311	211	176							
1047	00	22	-6	1	13	1	10	9	54	237	175	180	99	87	59	67	216	0
1048	00	18	-3	1	13	1	5	5	150	162	100	87	60					
1049	00	25	-2	1	13	1	10	10	387	206	252	99	67	375	51	155	347	342
1050	00	17	-6	1	13	1	7	7	409	96	19	99	171	8	342			
1051	00	17	-6	1	13	1	5	5	106	178	254	99	163					
1052	01	17	-3	1	13	1	7	7	175	*181	400	99	65	249	162			
1052	02	17	-3	1	13	3	1	1	342									
1053	00	16	-3	1	13	1	4	4	67	72	342	139						
1054	00	20	-5	1	13	1	8	8	253	230	89	89	267	99	106	169		
1055	00	24	-5	1	13	1	3	3	86	397	169							
1056	00	1	0	1	13	1	5	5	249	336	75	245	245					
1057	00	2	-9	1	13	1	5	5	267	99	65	342	*139					
1058	00	18	-8	1	13	1	7	7	400	396	169	99	48	193	342			
1059	00	27	-7	1	13	1	4	3	284	99	*009	0						
1060	00	25	-3	1	13	1	7	7	54	28	162	100	65	347	342			
1061	00	16	-11	1	13	1	4	4	391	98	336	162					
1065	00	18	-4	1	13	1	9	9	87	28	257	99	67	70	336	89	211
1066	00	20	-4	1	13	1	9	9	210	86	99	389	60	204	108	358	342
1067	00	16	-10	1	13	1	5	5	397	51	267	402	98				
1068	00	26	-1	1	13	1	5	5	171	59	336	89	211				
1069	00	16	-3	1	13	1	3	3	28	180	402						
1070	00	22	-5	1	13	1	3	3	345	28	176						
1071	00	1	0	1	13	1	6	6	261	371	59	97	114	169			
1072	00	25	-2	1	13	1	5	5	215	298	9	342	1				
1073	00	25	-3	1	13	9	2	1	*104	0							
1074	00	24	-5	1	13	1	4	4	391	99	289	342					
1075	00	24	-7	1	13	1	3	3	72	327	254						
1076	00	24	-4	1	13	1	4	4	391	99	104	162					
1077	00	25	-7	1	13	1	9	9	89	381	307	81	99	*067	403	87	342
1078	00	28	-6	1	13	1	5	5	267	99	124	25	342				
1079	00	27	-3	1	13	1	7	7	391	99	87	59	67	121	14		
1080	00	17	-1	1	13	1	6	6	267	99	387	67	406	162							
1081	00	24	-3	1	11	1	8	8	*087	249	162	343	87	59	127	342					
1082	00	18	-3	1	11	1	7	7	267	99	87	59	296	342	*087						
1083	00	25	-1	1	13	1	3	3	54	54	342										
1084	00	4	-12	1	13	1	4	4	1	1	379	194									
1085	00	20	-1	1	13	1	3	2	267	99	0										
1086	00	18	-2	1	13	1	4	4	267	99	124	342									
1087	00	24	-6	1	13	1	13	13	87	244	28	162	99	65	67	87	59	51	130	149	342
1088	00	22	-1	1	13	1	6	6	391	99	387	67	59	211							
1089	00	22	-4	1	13	1	5	4	0	*059	192	347	342								
1090	00	20	-2	1	13	1	5	5	197	336	342	205	*060								
1091	00	24	-6	1	17	1	4	4	267	99	102	162									
1092	00	17	-3	1	13	1	6	6	28	162	343	106	287	342							
1093	01	1	0	1	11	3	1	1	67												
1093	02	1	0	1	11	5	3	3	342	82	342										
1093	03	1	0	1	11	1	2	2	347	342											
1094	00	24	-8	1	13	1	7	7	267	99	171	59	336	89	211	
1095	00	25	-1	1	13	1	5	5	150	123	70	389	342			
1096	00	18	0	1	13	1	5	5	267	99	67	216	254			
1097	00	17	-2	1	13	1	6	6	*086	267	99	67	348	342		
1098	00	28	-3	1	13	1	5	5	267	99	65	347	342			
1099	01	20	-2	1	13	1	6	6	*050	403	343	194	8	342		
1099	02	20	-2	1	13	3	1	1	266							
1100	00	3	-10	1	13	1	5	5	150	123	293	51	342			
1101	01	24	-3	1	13	1	4	4	17	51	245	245				
1101	02	24	-3	1	13	2	2	2	186	149						
1102	00	17	0	1	13	1	2	2	133	150						
1103	00	16	0	1	13	1	4	4	267	402	59	211				
1104	00	20	-5	1	13	1	8	8	267	99	387	72	336	89	348	342
1105	00	3	-6	1	13	1	8	8	391	99	121	389	59	336	89	211
1106	00	17	-3	1	13	1	5	5	150	123	86	343	319			
1107	00	27	-7	1	13	1	5	5	47	343	72	53	342			
1108	00	25	-6	1	13	1	6	6	293	402	97	67	349	342		
1109	00	28	-1	1	13	1	6	6	391	97	65	67	342	1		
1110	00	17	-3	1	13	1	8	8	391	216	53	125	59	391	176	176
1111	00	4	-6	1	11	1	5	4	0	387	17	261	139			
1112	01	27	0	1	14	1	4	3	0	*059	342	1				
1112	02	27	0	1	14	1	3	2	0	336	*275					
1113	00	25	-3	1	13	1	6	6	94	123	124	112	197	342		
1114	00	17	-6	1	13	1	6	6	391	99	87	59	296	342		
1115	00	28	-3	1	13	1	6	6	267	99	336	51	342	1		
1116	00	2	-6	1	13	1	5	5	102	17	8	342	176			
1117	00	20	-7	1	11	1	4	4	173	59	2	12				
1118	00	3	-8	1	13	1	4	4	286	25	176	342				
1119	00	20	-6	1	13	1	5	5	48	342	65	342	224			
1120	00	18	0	1	13	1	4	4	87	59	296	342				
1121	00	20	-6	1	13	1	5	5	245	53	99	175	12			
1122	00	26	-5	1	13	1	5	5	242	342	98	292	342			
1123	00	18	-2	1	13	1	3	3	204	110	342			
1125	00	27	-5	1	13	1	4	4	48	342	375	60		
1126	00	17	-7	1	13	1	6	6	391	99	387	87	326	342
1127	00	17	-2	1	13	1	4	4	267	99	124	12		
1128	00	22	-11	1	13	1	3	3	331	162	402			
1129	00	28	-1	1	13	1	4	4	215	287	102	15		
1130	00	20	-3	1	13	1	6	6	164	125	59	253	230	342
1131	00	20	-5	1	13	1	4	4	267	99	106	162		
1132	00	26	-4	1	13	1	3	3	252	387	15			
1133	00	24	-4	1	13	1	2	2	104	*162				
1134	00	28	0	1	13	1	5	5	391	123	59	53	342	
1135	01	18	0	1	13	1	3	3	75	53	176			
1135	02	18	0	1	13	3	1	1	374					
1136	00	25	-4	1	13	1	3	3	216	123	139			
1137	00	20	-18	1	351	1	4	3	0	67	8	342		
1138	00	17	-3	1	11	1	3	2	0	*081	176			
1139	01	17	-6	1	13	1	7	7	197	400	99	175	230	53	343	
1139	02	17	-6	1	13	1	3	3	244	342	282					
1140	00	24	-7	1	11	1	6	6	293	123	343	136	193	342		
1141	00	16	-6	1	13	9	2	1	86	0						
1142	00	24	-2	1	13	1	8	8	28	336	182	99	387	72	348	342
1143	00	18	0	1	11	1	4	4	267	99	104	162				
1144	00	18	-6	1	13	1	4	3	0	97	78	267				
1145	00	24	-3	1	351	1	6	6	293	123	344	336	347	342		
1146	00	28	-3	1	13	1	7	7	267	99	112	194	403	87	342	
1147	00	25	-3	1	11	1	5	5	387	66	336	89	211			
1148	00	20	-6	1	13	1	4	4	391	99	62	342				
1149	00	18	-2	1	13	1	8	8	150	123	389	72	296	342	124	169
1150	00	25	-1	1	13	1	5	5	50	162	99	326	342			
1151	00	17	-5	1	13	1	7	7	17	395	99	171	59	247	342	
1154	00	22	-3	1	13	1	3	3	*059	53	342					
1155	00	24	-3	1	13	1	5	5	127	343	67	59	211			
1156	00	16	-13	1	13	1	4	4	72	71	121	342		
1157	00	20	-4	1	13	1	4	4	267	99	107	162		
1158	00	2	-5	1	13	1	5	5	267	99	65	222	254	
1159	00	28	-5	1	13	1	5	5	245	245	343	104	162	
1160	00	27	-9	1	13	1	5	5	293	123	343	230	342	
1161	00	17	-4	1	13	1	5	5	389	182	293	327	342	
1162	00	17	-3	1	13	1	5	5	267	99	289	347	342	
1163	00	20	-4	1	13	1	4	4	204	*230	*015	176		
1164	00	16	-5	1	13	1	3	3	*379	162	402			
1165	00	25	-6	1	11	1	5	4	328	32	99	72	0	
1166	00	18	-3	1	13	9	2	1	387	0				
1167	01	17	-4	1	12	3	1	1	*175					
1167	02	17	-4	1	12	2	2	2	336	342				
1168	00	17	-6	1	13	1	4	4	86	336	89	211		
1169	00	25	-7	1	13	3	1	1	31					
1170	00	27	-6	1	13	1	6	6	216	123	70	336	89	211
1171	00	18	-3	1	13	1	2	2	86	15					
1172	00	20	-3	1	13	1	5	5	79	343	387	59	211		
1173	00	18	-4	1	13	1	4	4	387	72	211	176			
1174	00	18	-4	1	13	1	6	6	412	123	87	249	162	342	
1175	00	20	-3	1	11	1	5	5	343	245	245	175	180		
1176	00	28	-2	1	11	1	6	5	0	*171	59	182	293	211	
1177	00	20	-5	1	13	1	2	2	171	60					
1178	00	28	-4	1	13	1	5	5	*391	99	15	348	342		
1179	00	4	-6	1	13	1	6	6	51	155	343	102	137	342	
1180	00	25	-6	1	13	1	7	7	155	245	245	99	67	222	254
1181	00	4	-10	1	13	1	5	5	267	99	336	51	342		
1182	00	25	-7	1	13	1	4	4	57	209	343	5			
1183	00	18	0	1	13	1	4	4	265	343	326	342			
1185	00	27	-3	1	11	1	4	4	*086	178	287	402			
1186	00	28	-3	1	13	1	6	6	293	402	123	230	391	162	
1187	00	27	-6	1	13	1	3	3	86	48	342				
1188	00	17	-3	1	13	1	5	5	53	72	373	287	342	
1189	00	25	-5	1	13	1	4	4	391	123	86	4		
1190	00	25	-3	1	13	1	4	4	86	28	233	59		
1191	00	20	-3	1	11	1	6	5	215	17	293	186	89	0
1192	00	22	-3	1	13	1	4	4	391	123	124	342		
1193	00	25	-5	1	13	1	2	2	149	*342				
1194	00	25	-9	1	13	1	3	3	51	49	83			
1195	00	18	0	1	13	1	3	3	48	342	130			
1196	00	25	-2	1	351	9	2	1	0	211				
1197	00	25	-3	1	13	1	2	2	230	*211				
1198	00	27	-6	1	13	1	4	4	67	171	59	211		
1199	00	25	-3	1	13	1	3	3	65	53	342			
1200	00	16	-7	1	13	1	4	4	391	99	327	342		
1201	00	17	-2	1	13	1	3	3	253	230	342			
1202	00	18	-4	1	13	1	3	3	86	336	75			
1203	00	17	-4	1	11	1	5	5	267	402	97	137	395	
1204	00	25	-5	1	13	1	3	3	389	389	176				
1205	00	26	-4	1	13	1	4	4	87	403	87	15			
1206	00	17	-4	1	13	1	3	3	329	212	328				
1207	00	18	-3	1	13	1	3	3	76	104	169				
1208	00	18	-4	1	11	1	3	3	72	296	342				
1209	01	20	-5	1	13	1	5	5	329	89	171	8	342		
1209	02	20	-5	1	13	1	2	2	154	303					
1211	00	17	-2	1	11	1	7	7	400	125	59	123	112	197	342
1212	00	25	-2	1	13	1	5	5	293	123	343	128	342		
1213	00	18	-4	1	13	1	3	3	65	387	342				
1214	00	18	-6	1	13	1	7	7	319	86	99	59	8	342	1
1215	00	28	-2	1	13	1	6	6	267	233	342	403	87	342	
1217	00	20	-6	1	13	1	2	2	387	342					
1218	00	18	0	1	13	1	3	3	86	2	12				
1219	00	25	-5	1	13	1	3	3	197	177	81				
1220	00	28	-3	1	13	1	2	2	102	162					
1221	00	18	-4	1	13	1	4	4	391	97	294	375		
1222	00	17	-5	1	13	1	6	6	254	343	87	249	162	342
1224	00	16	-4	1	13	1	3	3	387	296	342			
1225	00	20	-3	1	13	1	3	3	301	155	211			
1226	00	17	-4	1	13	1	2	2	341	342				
1227	10	12	-2	1	13	1	5	5	264	109	162	176	176	
1227	20	12	-2	1	13	1	5	5	403	87	342	1	176	
1227	39	12	-2	1	513	0	0	0						
1227	49	12	-2	1	513	0	0	0						
1228	00	24	-10	1	13	1	4	4	267	99	76	15		
1229	00	28	-5	1	13	1	4	4	267	99	104	162		
1231	00	17	-1	1	13	1	2	2	111	342				
1232	00	30	-3	1	13	1	4	4	267	99	48	342		
1233	00	26	-3	1	13	1	5	5	216	123	127	347	342	
1234	00	13	-5	1	13	1	5	5	293	123	343	173	342	
1235	00	28	-7	1	13	1	5	5	150	123	65	67	73	
1236	00	16	-5	1	13	1	2	2	375	342			
1237	01	17	-2	1	13	1	5	5	186	125	59	51	59
1237	02	17	-2	1	13	1	3	3	78	347	342		
1238	00	20	-6	1	13	1	2	2	222	254			
1239	00	17	-6	1	13	1	3	2	267	99	0		
1240	00	18	-2	1	13	1	3	2	244	336	0		
1242	00	15	-5	1	13	1	5	4	129	245	125	*059	0
1243	00	20	-2	1	13	1	2	2	109	162			
1244	00	1	0	1	13	1	2	2	327	254			
1245	00	17	-6	1	13	1	3	3	221	267	342		
1246	00	18	-3	1	13	1	4	4	267	99	104	169	
1247	01	16	-3	1	11	1	5	5	*087	336	344	175	230
1247	02	16	-3	1	11	2	2	2	53	342			
1248	00	1	0	1	13	1	4	4	245	245	330	176	
1249	00	25	-2	1	13	1	2	2	109	162			
1251	00	17	-2	1	13	1	5	5	72	336	89	211	176
1252	10	16	-3	1	13	1	2	2	415	342					
1252	20	16	-3	1	251	1	2	2	415	342					
1253	01	18	-3	1	13	1	7	7	373	373	302	343	253	230	342
1253	02	18	-3	1	13	1	4	4	89	245	245	132			
1254	00	25	-5	1	13	1	2	2	72	211					
1255	00	18	-1	1	13	9	2	1	*391	0					
1257	00	17	-7	1	13	1	3	3	103	403	342				
1260	00	25	-1	1	11	9	2	1	35	0					
1261	00	28	-6	1	13	1	2	2	72	211					
1262	00	25	-4	1	13	1	4	4	202	51	342	316			
1263	00	18	-2	1	13	1	4	4	86	67	294	342			
1265	00	27	-5	1	351	1	5	4	0	86	249	400	402		
1266	00	17	-5	1	13	1	4	4	106	17	391	87			
1267	00	27	-2	1	13	1	3	3	86	98	130				
1268	00	25	-4	1	13	1	2	2	173	12					
1269	00	24	-16	1	13	1	3	3	65	216	254				
1270	00	25	-4	1	11	1	2	2	102	162				
1271	00	24	-5	1	13	1	3	2	327	*017	0			
1272	00	12	0	1	12	1	2	2	293	342				
1273	00	24	-10	1	13	1	2	2	120	87				
1274	00	25	-5	1	11	1	3	3	267	99	207			
1275	00	13	-3	1	351	1	4	3	0	102	287	342		
1276	00	18	0	1	11	1	3	2	56	95	0			
1277	00	28	-1	1	13	1	4	4	65	171	59	211		
1278	01	22	-9	1	13	1	5	5	267	99	343	100	*081	
1278	02	22	-9	1	13	1	3	3	87	162	375			
1279	00	30	-2	1	13	1	2	2	48	342				
1281	00	27	-3	1	351	1	3	2	0	*100	169			
1282	00	25	-5	1	13	1	4	3	102	216	245	0		
1283	00	17	-2	1	13	1	3	3	65	135	342			
1285	00	16	-4	1	13	1	3	3	284	124	342			
1286	00	18	-2	1	13	1	6	6	355	343	86	175	176	211
1287	00	25	-4	1	13	1	2	2	86	15			
1288	00	25	-4	1	13	1	2	2	28	1			
1289	00	26	-6	1	11	1	5	4	84	343	204	230	0
1290	00	27	-7	1	13	9	3	1	0	72	0		
1291	00	22	-3	1	13	1	3	2	267	99	0		
1292	00	28	-3	1	13	3	1	1	250				
1293	00	17	-4	1	13	1	3	2	216	123	0		
1294	00	25	-2	1	11	1	4	4	284	99	348	342	
1295	00	22	0	1	13	1	4	4	72	48	342	1	
1296	00	28	-7	1	13	1	2	2	289	342			
1297	00	1	0	1	13	1	4	3	267	402	0	*015	
1298	00	17	-6	1	351	1	4	3	0	*135	347	342	
1299	00	17	-4	1	351	1	4	3	0	*065	387	342	
1300	00	28	-6	1	351	1	4	3	0	249	162	342	
1301	00	25	-5	1	351	1	3	3	17	106	162		
1302	01	24	-2	1	138	1	4	4	293	*233	342	175	
1302	02	24	-2	1	138	1	2	2	214	342							
1303	01	25	-5	1	137	3	1	1	167								
1303	02	25	-5	1	137	1	3	3	15	409	96						
1305	00	17	-3	1	65	1	3	3	28	267	342						
1306	00	17	-5	1	65	1	9	9	244	81	99	98	72	65	53	342	224
1307	00	12	-4	1	352	9	2	1	0	*012							
1308	00	25	0	1	45	1	3	3	70	72	388						
1309	00	17	-4	1	41	1	5	5	109	169	97	51	182				
1310	00	25	-8	1	45	1	6	6	249	336	99	171	8	342			
1311	10	18	0	1	45	1	4	4	284	106	287	342					
1311	29	18	0	1	821	0	0	0									
1312	00	22	-6	1	45	9	2	1	0	10							
1313	00	20	-2	1	45	1	3	2	67	72	0						
1314	00	20	-3	1	45	1	6	6	216	173	99	109	59	211			
1315	00	20	-2	1	45	1	6	6	403	400	99	249	162	12			
1316	00	14	-4	1	45	3	1	1	66								
1317	00	16	-3	1	45	1	6	6	267	99	72	65	204	*342			
1318	00	17	-4	1	45	1	5	4	391	0	*171	*008	342				
1319	00	17	-10	1	45	1	5	5	54	180	97	226	254				
1320	00	16	-5	1	45	1	4	4	67	65	159	342					
1321	01	25	-4	1	45	1	9	9	293	98	65	59	211	150	123	135	342
1321	02	25	-4	1	45	1	4	4	104	39	229	404					
1322	00	17	-2	1	45	1	8	8	267	99	175	230	53	171	8	342	
1323	00	17	-2	1	45	1	5	4	0	65	59	294	342				
1324	00	18	-6	1	45	1	7	7	238	267	99	87	59	67	211		
1325	11	24	-2	1	45	1	6	6	403	187	342	171	8	342			
1325	12	24	-2	1	45	3	1	1	374								
1325	20	24	-2	1	0	1	3	3	25	409	96						
1326	00	25	-2	1	45	1	7	7	267	99	72	65	336	89	211		
1327	00	25	-4	1	31	1	4	4	391	99	70	211					
1328	00	25	-2	1	31	1	5	5	267	99	72	192	342				
1329	01	17	-3	1	31	1	5	5	182	58	343	98	211				
1329	02	17	-3	1	31	1	3	3	175	214	282			
1330	00	25	-4	1	31	1	5	5	395	99	59	296	342	
1331	00	20	-5	1	31	1	6	6	293	123	343	100	17	342
1332	01	1	0	1	31	1	4	4	216	123	72	388		
1332	02	1	0	1	31	3	1	1	393					
1333	00	20	-7	1	31	1	5	5	150	297	345	53	342	
1334	00	28	-6	1	31	1	5	5	267	99	41	245	342	
1335	00	18	0	1	31	1	4	4	391	123	223	342		
1336	00	27	0	1	31	1	6	6	215	86	175	176	342	1
1337	00	24	-9	1	31	1	6	6	244	336	347	252	391	98
1338	00	17	-5	1	31	1	3	3	76	76	284			
1339	00	24	-3	1	31	1	4	4	102	17	8	342		
1340	01	17	-3	1	31	1	5	5	267	99	341	336	307	
1340	02	17	-3	1	31	1	2	2	197	326				
1341	01	11	0	1	112	1	4	4	391	99	173	342		
1341	02	11	0	1	112	3	1	1	242					
1342	00	17	-4	1	113	1	7	7	87	186	344	70	78	347	342
1343	00	17	-2	1	113	1	6	5	0	25	176	342	253	230	
1344	00	25	-4	1	113	1	5	5	391	99	112	194	342		
1345	00	17	-4	1	113	1	7	7	391	123	65	72	336	89	211
1346	00	17	-8	1	113	1	5	5	253	230	99	106	162		
1347	00	28	-4	1	113	1	6	6	37	342	98	86	67	211	
1348	00	22	-4	1	351	1	4	4	17	293	197	60			
1349	00	25	-3	1	351	1	6	5	376	*402	99	65	*375	0	
1350	00	25	-3	1	95	1	5	5	65	72	222	254	176		
1351	00	25	-5	1	95	1	5	5	267	99	67	296	342		
1355	01	24	-3	1	730	1	4	4	216	97	135	342			
1355	02	24	-3	1	730	3	1	1	242						
1357	00	20	-5	1	670	1	5	3	0	180	227	*087	0		
1358	00	25	-1	1	0	1	4	2	0	1	*245	0			
1360	00	26	-3	1	361	1	4	4	263	343	173	12			
1361	00	24	-5	1	361	1	4	4	293	123	102	162			
1362	00	28	0	1	71	1	5	4	0	387	70	211	262		
1365	00	17	-3	1	71	1	3	3	102	59	211				
1366	00	18	-3	1	71	1	3	3	103	403	342				
1367	00	22	-4	1	71	1	5	5	267	99	67	175	206		
1368	00	25	-4	1	71	1	3	3	*059	*342	139				
1369	00	25	-5	1	75	1	6	6	267	99	65	403	87	342	
1370	00	17	-3	1	71	1	5	5	72	51	130	149	342		
1372	00	17	-3	1	71	1	4	3	267	99	*171	0			
1373	00	17	-8	1	71	1	7	7	17	293	61	100	67	135	342
1374	00	17	-2	1	71	1	3	3	65	348	342				
1376	00	17	-6	1	202	1	3	3	102	59	342				
1379	00	17	-4	1	0	1	4	3	65	67	51	0			
1380	00	17	-6	1	251	1	3	3	65	70	211				
1381	00	20	-5	1	251	1	3	2	17	403	0				
1382	00	11	0	1	302	3	1	1	165						
1383	00	27	-3	1	340	9	2	1	17	0					
1385	00	3	-2	1	231	1	4	4	86	98	347	342			
1386	00	25	-4	1	330	1	6	5	267	99	0	342	1	242	
1387	00	24	-5	1	280	1	5	5	286	123	59	211	242		
1388	00	20	-9	1	11	1	5	5	197	249	343	67	211		
1389	01	26	0	1	0	1	4	4	233	336	375	252			
1389	02	26	0	1	0	1	3	2	0	187	*233				
1390	00	2	-9	1	0	1	4	3	0	*130	149	342			
1391	00	25	-2	1	0	1	7	6	199	99	*153	153	*347	342	0
1392	00	20	-2	1	0	1	3	2	0	338	162				
1393	00	17	-3	1	0	1	5	5	112	194	8	140	342		
1394	00	25	-7	1	0	1	3	3	394	402	98				
1395	00	20	-6	1	0	1	6	6	343	74	400	99	104	162	
1396	01	17	-4	1	999	1	4	3	284	99	65	0			
1396	02	17	-4	1	999	1	3	3	150	307	267				
1397	00	22	-12	1	0	1	6	5	0	*341	336	180	163	404	
1398	00	25	-9	1	0	1	3	2	53	70	0				
1399	00	1	0	1	0	1	4	3	*053	171	59	0				
1400	01	17	-3	1	0	1	6	6	391	99	65	67	70	211		
1400	02	17	-3	1	0	1	4	4	179	336	347	342				
1400	03	17	-3	1	0	1	7	7	89	375	180	28	162	267	*051	
1401	00	16	-8	1	0	1	8	8	391	97	389	67	178	389	8	342
1402	00	18	-8	1	0	1	6	6	249	342	345	97	106	169		
1403	00	26	0	1	0	1	8	8	28	303	100	66	407	169	334	342
1404	00	20	-7	1	0	1	8	8	249	342	345	65	67	121	135	342
1405	00	16	-3	1	0	1	5	5	391	97	234	8	342			
1406	00	2	-8	1	0	1	8	8	17	293	391	87	28	189	252	176
1407	00	24	-3	1	0	1	5	5	391	99	*171	8	342			
1408	00	28	-2	1	0	1	4	2	0	192	358	0				
1409	00	24	-3	1	0	1	4	3	0	59	407	169				
1410	00	22	-4	1	0	1	4	4	18	211	126	169				
1411	00	26	-5	1	0	1	2	2	102	169						
1412	10	27	-2	1	0	1	2	2	182	149						
1412	20	27	-2	1	0	1	4	4	216	123	149	342							
1414	00	4	-4	1	0	1	5	5	65	336	89	121	342						
1415	00	26	-5	1	0	1	4	4	72	121	358	342							
1416	00	26	-2	1	0	1	5	5	286	99	204	230	342						
1417	00	18	-4	1	0	1	4	3	28	233	343	0							
1418	00	25	-3	1	0	1	7	7	65	249	169	342	97	104	169				
1419	00	17	-3	1	0	1	8	7	344	389	171	59	341	294	8	0			
1420	00	18	-8	1	0	1	7	7	175	230	344	53	65	233	342				
1421	00	20	-3	1	0	1	10	10	216	123	65	244	58	294	375	72	244	56	
1422	00	17	-6	1	0	1	2	2	106	169									
1423	00	25	-2	1	0	1	4	4	345	*249	169	342							
1424	00	26	-5	1	0	1	6	6	267	99	98	25	245	245					
1425	00	18	-6	1	0	1	5	5	66	336	89	124	169						
1426	00	16	-3	1	0	1	7	7	341	309	267	99	48	8	342				
1427	00	24	-4	1	0	2	3	3	41	104	*162								
1429	00	27	-9	1	0	1	11	11	267	99	53	171	59	336	89	360	249	169	342
1430	00	16	-6	1	0	1	6	6	391	99	389	249	169	342	
1431	00	16	-1	1	0	1	7	7	80	89	344	67	72	403	162
1432	00	18	-4	1	0	1	6	5	0	99	98	87	284	342	
1433	00	17	-4	1	0	1	6	6	267	99	65	249	162	342	
1434	00	20	-3	1	0	1	4	3	297	345	53	0			
1435	10	23	-5	1	0	1	5	5	53	112	197	342	139		
1435	20	23	-5	1	0	2	3	3	197	342	139				
1436	00	18	-4	1	0	1	6	6	391	99	98	178	389	15	
1437	00	25	-3	1	0	1	3	3	25	245	245				
1438	00	28	-1	1	0	1	6	6	391	97	48	258	193	342	
1439	00	25	-8	1	0	1	5	5	296	342	98	109	169		
1441	00	18	-5	1	0	1	2	2	106	169					
1442	00	18	-3	1	0	1	6	5	293	123	343	112	*197	0	
1443	00	18	-2	1	0	1	3	2	0	*169	342				
1444	00	20	-2	1	0	1	5	5	391	123	247	258	302		
1445	00	15	-5	1	0	1	4	3	284	99	389	0			
1446	00	16	-3	1	0	1	3	2	0	*327	342				
1447	00	20	-6	1	0	1	5	5	53	67	70	222	254		
1448	00	18	-10	1	0	1	5	4	0	197	342	124	169		
1449	00	25	-6	1	0	1	4	4	40	97	104	169			
1450	00	25	-4	1	0	1	5	5	171	59	17	261	86		
1451	00	22	-3	1	0	1	4	4	267	99	155	169			
1452	00	24	-3	1	0	1	6	5	239	293	338	97	*001	0	
1453	00	18	-3	1	0	1	2	2	104	*169					
1454	00	15	0	1	0	1	6	4	0	70	389	102	287	0	
1455	00	18	-4	1	0	1	5	4	391	97	70	72	0		
1456	00	25	-6	1	0	1	7	7	267	99	72	336	89	216	254
1457	00	20	-10	1	0	1	6	6	293	245	344	301	155	211	
1458	00	5	-8	1	0	1	6	5	0	53	171	59	407	169	
1459	00	22	-3	1	0	1	5	4	0	345	204	230	342		
1460	00	20	-10	1	0	1	3	3	106	287	342				
1461	00	18	-2	1	0	1	5	4	*202	240	345	294	0		
1462	00	17	-6	1	0	1	5	4	293	123	344	387	0		
1463	00	22	-4	1	0	1	4	3	336	391	252	0			
1464	00	18	-2	1	0	1	4	4	336	341	327	15			
1465	00	20	-1	1	0	1	4	4	267	99	174	342			
1466	00	25	-1	1	0	1	5	5	267	99	204	110	342		
1467	00	25	-4	1	0	1	4	4	389	72	407	169			
1468	00	18	-4	1	0	1	7	7	391	99	87	59	72	8	342
1469	00	18	-10	1	0	1	6	6	293	123	345	171	8	342	
1470	00	18	-2	1	0	1	5	5	121	65	72	259	342		
1471	11	16	-9	9	0	1	3	3	240	302	156				
1471	12	16	-9	9	0	1	3	3	104	205	107				
1471	20	16	-9	9	0	1	2	2	98	287					
1471	30	16	-9	9	0	1	4	4	287	136	323	287			
1471	40	16	-9	9	0	3	1	1	102						
1474	00	26	-4	1	0	1	3	3	59	341	342				
1475	10	28	-3	1	0	1	4	4	328	328	267	99			
1475	20	28	-3	1	0	1	2	2	48	15						
1477	00	25	0	1	0	1	4	4	328	328	267	99				
1478	00	20	-5	1	0	1	8	7	391	123	100	375	17	250	121	0
1479	00	4	-5	1	0	1	4	3	0	216	211	176				
1480	00	28	0	1	0	9	2	1	0	60						
1482	00	16	-9	1	0	3	1	1	7							
1483	00	24	0	1	0	5	2	2	1	1						
1484	00	29	-4	1	0	9	3	1	0	59	0					
1486	00	25	-2	1	0	9	2	1	267	0						
1487	00	18	0	1	11	1	2	2	48	342						
1488	00	24	-8	1	0	1	3	2	0	347	342					
1489	00	39	0	1	0	1	3	2	0	89	*342					
1490	00	18	-5	1	11	1	3	3	391	391	342					
1491	00	28	-2	1	0	1	6	4	0	99	87	59	296	0		
1492	00	25	-6	1	0	1	4	2	0	99	65	0				
1494	00	25	-2	1	0	1	7	7	267	99	47	340	342	97	173	
1495	00	25	-2	1	0	9	2	1	230	0					
1496	00	30	0	1	0	1	3	2	0	336	17				
1497	00	20	-4	1	0	1	5	4	*059	182	293	216	0		
1498	00	27	-7	1	0	1	4	3	391	99	*059	0			
1499	00	25	-5	1	351	1	3	2	0	294	342				
1527	11	27	-5	1	0	2	3	3	17	250	*176				
1527	12	27	-5	1	0	2	5	5	102	*097	149	89	328		
1527	29	27	-5	1	441	0	0	0							
1529	00	17	-4	7	981	1	5	5	67	103	403	342	176		
1530	00	18	-3	7	0	1	5	5	67	103	403	342	176		
1531	00	24	-4	7	981	1	4	4	171	59	342	176			
1532	00	20	-12	7	0	1	4	4	95	328	2	12			
1533	00	20	-10	7	984	1	2	2	221	254					
1534	00	25	-8	1	71	1	6	6	234	99	67	70	211	242	
1535	00	20	-3	1	71	1	4	4	86	124	344	68			
1536	00	18	-6	1	45	1	7	7	146	195	343	403	87	342	1
1537	00	20	-3	1	13	1	6	6	267	99	322	342	204	162				
1538	00	25	-4	1	351	1	3	3	284	124	342							
1539	00	25	-2	1	13	1	5	5	249	162	402	89	89					
1540	00	26	-5	1	13	1	10	10	341	206	99	387	65	171	59	87	294	342
1541	00	16	-2	1	13	1	6	6	53	336	89	403	87	342				
1542	00	13	-6	1	45	1	4	4	102	216	245	245						
1543	00	17	-1	1	13	1	5	5	391	123	171	59	211					
1544	00	24	-4	1	13	1	8	7	50	56	99	98	65	67	336	0		
1545	00	18	0	1	0	1	4	3	0	125	176	176						
1547	00	18	0	1	0	3	1	1	391									
1548	00	16	-9	1	13	1	3	3	121	342	318							
1549	00	39	0	1	13	1	9	9	391	341	99	87	59	51	130	149	*342	
1550	01	17	-2	1	11	1	3	3	67	244	342							
1550	02	17	-2	1	11	3	1	1	242									
1551	00	17	-3	1	351	1	5	5	267	99	87	59	211					
1552	00	24	-8	1	13	1	8	8	87	403	180	99	98	379	245	245		
1553	00	5	-4	1	13	1	9	9	397	1	267	99	67	342	112	194	342
1554	00	24	-2	1	13	1	5	5	267	99	59	211	242				
1555	00	2	-18	1	13	1	8	8	17	162	343	65	175	230	53	342	
1556	00	25	-6	1	13	1	6	6	59	160	343	249	162	342			
1557	00	20	-6	1	13	1	9	8	0	99	53	67	336	89	112	194	342
1558	00	16	0	2	0	1	2	2	104	*169							
1559	00	15	0	2	0	1	4	4	397	99	216	254					
1560	00	20	-3	2	0	1	4	4	336	89	87	373					
1561	00	13	-4	1	0	1	3	3	204	230	342						
1563	00	24	-8	1	45	1	4	4	267	99	48	12					
1602	00	25	-2	2	0	1	7	7	134	86	99	65	192	347	*342		
1603	10	5	-6	2	251	1	2	2	336	321							
1603	20	5	-6	2	251	1	2	2	336	321							
1604	10	20	-6	2	0	3	1	1	63								
1604	29	20	-6	2	111	0	0	0									
1605	10	16	-10	2	0	1	6	6	87	403	99	387	17	261			
1605	29	16	-10	2	580	0	0	0						
1606	00	28	-5	2	11	1	5	5	264	387	336	89	211	
1607	10	25	-8	2	13	1	5	5	*018	342	48	342	1	
1607	29	25	-8	2	940	0	0	0						
1608	10	16	-8	2	0	1	6	6	87	403	99	387	17	261
1608	29	16	-8	2	580	0	0	0						
1609	10	28	-10	2	0	1	6	5	0	336	89	249	162	342
1609	29	28	-10	2	111	0	0	0						
1610	10	16	-2	2	111	3	1	1	63					
1610	20	16	-2	2	111	3	1	1	63					
1611	10	20	-9	2	111	3	1	1	63					
1611	20	20	-9	2	111	3	1	1	63					
1613	10	17	-2	2	111	3	1	1	63					
1613	20	17	-2	2	111	3	1	1	63					
1615	00	17	-3	2	0	1	6	6	389	65	249	169	342	176
1616	10	17	-8	2	981	1	2	2	9	48				
1616	20	17	-8	2	981	1	4	4	67	171	8	342						
1619	10	28	-10	2	0	1	4	4	51	130	149	342						
1619	29	28	-10	2	999	0	0	0										
1620	10	28	-2	2	443	1	3	3	387	342	176							
1620	29	28	-2	2	365	0	0	0										
1621	00	28	0	2	0	1	9	9	267	99	53	171	59	89	89	*347	*342	
1622	00	16	-2	2	0	1	4	4	387	192	347	342						
1623	10	28	-10	2	0	1	9	9	386	53	48	342	12	328	328	328	162	
1623	20	28	-10	2	0	1	7	7	137	155	343	10	81	403	87			
1623	30	28	-10	2	0	1	10	10	343	294	328	391	87	112	294	171	8	342
1624	10	28	-10	2	0	1	6	5	0	336	89	249	162	342				
1624	29	28	-10	2	111	0	0	0										
1625	10	17	-10	2	45	1	2	2	65	211								
1625	20	17	-10	2	11	1	4	4	98	319	51	130						
1625	30	17	-10	2	95	1	3	3	245	342	1							
1626	10	17	-13	2	0	1	8	7	245	245	307	342	176	86	326	0		
1626	29	17	-13	2	211	0	0	0							
1628	10	16	-6	2	45	1	4	4	59	403	87	342			
1628	20	16	-6	2	113	1	4	4	59	53	216	254			
1629	10	20	-2	2	0	1	6	6	267	99	67	403	87	342	
1629	29	20	-2	2	490	0	0	0							
1630	00	28	-3	2	13	1	6	6	293	123	343	171	8	342	
1701	10	22	0	5	0	1	4	4	389	72	48	342			
1701	29	22	0	5	135	0	0	0							
1702	10	5	0	5	0	1	4	4	*389	72	*326	342			
1702	29	5	0	5	135	0	0	0							
1703	10	22	0	5	0	1	4	4	112	194	327	342			
1703	29	22	0	5	290	0	0	0							
1704	10	13	0	5	0	1	2	2	102	190					
1704	20	13	0	5	101	1	5	5	336	89	296	342	98		
1705	10	25	-8	5	0	1	7	7	65	336	89	407	169	183	169
1705	29	25	-8	5	163	0	0	0							
1706	10	22	0	5	0	1	7	7	65	336	89	407	169	183	169	
1706	29	22	0	5	163	0	0	0								
1707	10	22	0	5	0	1	3	3	204	245	342					
1707	29	22	0	5	113	0	0	0								
1708	10	20	0	5	0	1	4	4	204	245	358	342				
1708	29	20	0	5	147	0	0	0								
1709	10	18	0	5	0	1	5	5	53	67	407	124	169			
1709	29	18	0	5	91	0	0	0								
1710	10	18	0	5	0	1	8	8	345	341	18	252	97	25	245	245
1710	29	18	0	5	15	0	0	0								
1711	10	20	-1	5	0	1	4	4	336	89	296	342				
1711	29	20	-1	5	75	0	0	0								
1712	10	17	0	5	0	1	4	4	204	245	358	342				
1712	29	17	0	5	147	0	0	0								
1713	10	13	0	5	0	1	7	7	51	130	149	342	123	102	190	
1713	29	13	0	5	65	0	0	0								
1714	10	17	-3	5	0	1	3	3	87	155	169				
1714	29	17	-3	5	45	0	0	0							
1715	00	22	0	5	0	1	4	3	0	245	358	342			
1801	10	18	0	5	0	1	4	4	389	72	48	342			
1801	29	18	0	5	135	0	0	0							
1802	10	22	0	5	0	1	7	7	389	65	72	336	89	194	169
1802	29	22	0	5	113	0	0	0							
1803	10	18	0	5	0	1	7	7	70	112	194	18	211	87	169
1803	29	18	0	5	139	0	0	0							
1804	10	22	0	5	0	1	4	4	204	245	358	342			
1804	29	22	0	5	147	0	0	0							
1805	10	20	-9	5	0	1	4	4	171	59	407	169			
1805	29	20	-9	5	860	0	0	0							
1806	10	13	0	5	0	1	4	4	204	245	358	342			
1806	29	13	0	5	147	0	0	0							
1813	00	39	0	1	0	1	5	3	0	*387	67	216	0		
1902	00	2	0	2	0	1	4	4	336	89	87	373		
1903	00	39	0	4	0	1	2	2	101	319				
1904	00	22	0	4	0	2	2	2	106	342				
1905	00	11	-1	9	0	1	3	2	17	293	0			
2002	00	32	2	1	13	1	6	6	403	302	99	87	57	342
2004	00	31	-2	1	0	1	3	3	51	371	59			
2005	00	31	-2	1	13	1	2	2	249	391				
2006	00	31	-3	1	0	1	5	4	389	336	89	249	0	
2007	00	31	-2	1	13	1	6	6	267	402	204	112	347	*342
2008	00	33	-2	1	14	2	2	2	104	169				
2010	00	31	-3	1	13	1	5	5	293	123	343	216	254	
2011	00	31	-3	1	13	1	5	5	267	99	111	347	*342	
2012	00	31	-3	1	13	1	4	4	287	112	194	342		
2013	00	32	-4	1	13	1	6	6	267	99	112	*197	342	139
2014	00	32	-4	1	13	1	2	2	242	342				
2015	00	32	-4	1	13	1	3	3	336	89	211			
2016	00	31	-4	1	13	1	6	6	293	176	176	150	123	51				
2018	00	31	-3	1	13	1	10	10	214	287	87	244	28	162	99	136	193	12
2019	00	31	-4	1	13	1	8	8	*417	*267	99	87	59	65	222	254		
2020	00	31	-4	1	0	1	4	3	0	341	327	15						
2021	00	32	-4	1	13	1	3	3	99	380	342							
2022	00	31	-4	1	13	1	7	7	391	97	53	72	373	287	342			
2023	00	32	-4	1	13	1	5	5	150	98	178	389	15					
2024	01	32	-4	1	311	1	6	6	87	244	81	99	155	70				
2024	02	32	-4	1	311	1	5	4	87	59	336	89	0					
2025	00	31	-4	1	0	1	4	4	245	98	112	169						
2026	00	31	-4	1	13	1	2	2	67	211								
2027	00	32	-4	1	13	1	9	9	87	244	28	54	99	245	245	87	162	
2028	00	31	-4	1	0	1	3	2	0	81	176							
2029	00	32	-4	1	13	1	7	7	391	391	97	72	182	293	*342			
2031	00	32	-4	1	13	1	4	4	267	99	*292	*342						
2032	00	31	-4	1	11	1	8	7	*051	155	345	112	194	336	89	0		
2033	00	31	-4	1	13	1	9	9	204	233	59	99	389	65	67	121	342
2034	00	31	-4	1	11	1	7	6	0	123	87	59	65	155	211		
2035	00	31	-4	1	13	1	4	4	328	328	176	176					
2038	00	31	-5	1	0	1	6	6	391	99	212	176	86	161			
2039	00	31	-5	1	0	1	3	3	178	389	15						
2040	00	31	-5	1	0	1	3	3	*230	347	342						
2041	00	32	-5	1	0	1	6	6	293	123	344	53	87	60			
2042	00	31	-5	1	13	1	4	3	267	99	70	0					
2043	00	32	-5	1	0	1	6	6	293	323	323	384	176	176			
2044	00	32	-5	1	0	1	6	5	131	99	87	60	98	0			
2045	10	31	-5	1	95	1	5	5	250	264	127	347	342				
2045	20	31	-5	1	0	3	1	1	88								
2045	39	31	-5	1	366	0	0	0									
2045	49	31	-5	1	401	0	0	0									
2046	00	31	-5	1	0	1	6	6	389	87	59	249	169	342			
2047	00	31	-5	1	13	1	2	2	67	211							
2048	00	33	0	1	13	1	6	6	267	99	67	171	8	342		
2049	00	31	-5	1	0	1	8	8	102	288	87	249	180	323	323	29
2050	00	32	-5	1	45	1	6	6	245	245	343	48	8	342		
2051	00	32	-5	1	13	1	5	5	267	99	258	347	342			
2052	00	31	-5	1	13	1	8	8	327	186	381	51	59	67	216	254
2053	00	32	-5	1	351	1	5	4	0	343	86	171	60			
2054	00	32	-5	1	11	1	8	8	267	99	87	59	65	253	230	342
2055	00	31	-5	1	0	1	4	3	0	342	125	169				
2056	00	32	-5	1	13	1	7	7	391	99	186	301	155	347	342	
2057	00	31	-5	1	71	1	5	5	267	99	86	38	*342			
2058	00	32	-5	1	71	3	1	1	38							
2060	00	32	-5	1	13	1	4	4	267	99	222	254				
2061	00	32	-5	1	0	1	3	3	345	19	176					
2063	00	32	-5	1	11	1	4	4	204	112	347	342				
2064	00	31	-5	1	95	1	6	6	150	123	17	293	342	1		
2065	00	31	-5	1	13	1	4	4	391	123	348	342				
2066	00	32	-5	1	13	1	7	7	245	287	99	86	204	230	342			
2067	00	32	-5	1	13	1	4	4	267	99	70	388						
2068	00	32	-5	1	13	1	7	7	146	267	99	70	62	342	1			
2069	00	31	-5	1	13	1	10	10	391	17	391	381	391	98	171	59	342	139
2070	00	32	-5	1	13	1	5	5	293	123	343	289	342					
2071	00	33	0	1	13	1	7	7	293	123	344	127	98	8	342			
2072	00	32	-5	1	0	1	4	3	0	*025	245	245						
2073	00	31	-6	1	0	1	3	3	25	245	245							
2074	00	32	-6	1	13	1	5	5	150	123	228	342	1					
2075	00	32	-6	1	690	1	5	5	186	333	99	59	211					
2076	00	32	-6	1	13	1	2	2	2	12								
2077	00	31	-6	1	0	1	6	5	0	345	41	76	102	190				
2079	00	31	-6	1	13	1	6	6	267	99	67	205	245	342				
2080	00	31	-6	1	13	1	4	4	267	99	102	162						
2081	00	32	-6	1	13	1	6	6	267	99	387	67	72	211				
2082	00	32	-6	1	13	1	3	3	215	102	15							
2083	01	32	-6	1	13	1	6	6	267	99	72	67	8	342	
2083	02	32	-6	1	13	3	1	1	144						
2084	00	32	-6	1	13	1	7	7	102	287	329	343	387	65	224
2085	00	32	-6	1	11	1	7	7	267	99	102	17	336	51	342
2086	00	32	-6	1	690	1	7	7	261	213	343	389	53	342	242
2087	00	32	-6	1	13	1	4	4	72	87	284	342			
2088	00	32	-6	1	13	1	4	4	102	36	245	245			
2089	00	32	-6	1	0	1	4	3	0	99	48	342			
2090	00	32	-6	1	45	1	4	4	106	162	51	130			
2091	00	32	-6	1	11	1	4	4	51	130	149	342			
2092	00	31	-6	1	0	1	6	5	244	184	252	99	109	0	
2093	00	32	-5	1	0	3	1	1	377						
2094	00	31	-6	1	0	1	5	5	124	247	387	259	342		
2095	00	32	-6	1	13	1	4	3	0	51	186	81			
2097	00	32	-6	1	0	1	5	5	204	245	102	287	342		
2098	00	32	-6	1	13	1	7	7	143	286	59	99	72	341	342
2099	00	32	-6	1	13	1	8	8	147	195	343	325	109	59	347	342			
2100	00	31	-6	1	0	1	4	4	267	99	124	169							
2101	00	32	-6	1	0	1	3	3	41	161	391								
2102	00	31	-6	1	13	1	4	4	267	99	348	342							
2103	00	31	-6	1	13	1	8	8	267	99	87	150	201	342	98	175			
2104	00	31	-6	1	13	1	4	3	0	67	48	342							
2105	00	31	-6	1	13	1	3	3	336	17	402								
2106	00	31	-6	1	0	1	3	3	295	87	19								
2107	00	31	-6	1	13	1	9	9	336	51	130	53	99	124	25	176	342		
2108	00	32	-6	1	31	1	2	2	25	15									
2109	00	32	-6	1	13	1	11	11	249	89	233	123	86	59	395	99	51	130	28
2110	00	32	-6	1	71	1	4	4	72	*336	*089	211							
2111	00	32	-6	1	13	1	9	9	89	3	99	336	244	17	134	86	415		
2112	00	31	-6	1	11	1	3	2	175	180	0								
2113	00	32	-6	1	13	1	2	2	106	15									
2114	00	32	-6	1	13	1	4	4	403	87	319	249							
2115	00	32	-6	1	13	1	6	6	293	123	343	403	87	342			
2116	00	32	-7	1	13	1	3	2	67	*008	0						
2117	00	32	-7	1	13	1	5	5	57	343	87	294	342				
2118	00	31	-7	1	0	1	5	5	70	327	128	124	169				
2119	01	32	-7	1	31	1	7	7	163	252	261	134	98	391	391		
2119	02	32	-7	1	31	1	3	3	336	210	402						
2120	00	31	-7	1	0	1	8	8	214	99	389	67	112	197	342	139	
2121	00	33	-7	1	13	1	4	4	124	25	176	342					
2122	00	32	-7	1	690	1	5	5	216	123	87	294	342				
2123	00	32	-7	1	45	1	6	6	387	72	67	336	89	211			
2124	00	32	-7	1	13	1	2	2	86	*012							
2125	00	32	-7	1	0	1	6	6	293	56	252	97	358	342			
2126	00	31	-7	1	13	1	3	2	337	97	0						
2127	00	32	-7	1	71	1	2	2	114	162							
2128	00	31	-7	1	13	1	9	9	17	293	54	180	99	109	59	342	1
2129	00	32	-7	1	45	1	8	8	398	379	343	65	72	121	222	254	
2130	00	32	-7	1	11	1	7	7	127	97	391	99	87	325	211	
2131	00	31	-7	1	113	1	5	5	264	341	347	342	1			
2132	00	32	-7	1	31	1	4	4	267	99	70	211				
2133	00	31	-7	1	362	3	1	1	59							
2134	00	31	-7	1	11	1	5	5	208	97	86	2	12			
2136	00	32	-7	1	13	1	4	3	267	99	65	0				
2137	00	31	-7	1	13	1	5	4	87	244	162	342	0			
2138	00	31	-7	1	0	1	8	8	389	53	72	327	128	342	294	375
2139	00	32	-7	1	13	1	3	3	406	162	176					
2140	00	31	-7	1	243	1	5	5	330	176	99	124	342			
2141	00	31	-7	1	13	1	6	6	202	403	99	78	347	342		
2142	00	32	-7	1	0	1	3	3	65	222	254					
2143	00	32	-7	1	13	1	5	5	171	59	182	293	211			
2144	00	32	-7	1	13	1	3	3	182	293	342					
2145	00	32	-7	1	13	1	5	5	48	342	17	406	162			
2146	00	31	-7	1	13	1	6	6	391	123	65	67	233	342		
2147	00	32	-7	1	13	1	5	5	391	99	406	162	242		
2148	00	31	-7	1	13	1	3	3	41	304	176				
2151	00	32	-7	1	0	9	3	1	0	220	0				
2152	00	31	-7	1	13	1	4	4	124	84	402	342			
2153	00	33	0	1	31	3	1	1	69						
2154	00	31	-7	1	13	1	2	2	173	342					
2155	00	31	-7	1	31	1	5	5	124	409	96	342	1		
2157	00	31	-7	1	13	1	6	6	305	123	86	136	193	342	
2158	00	32	-7	1	13	1	2	2	173	342					
2159	00	31	-7	1	0	1	4	4	175	230	53	15			
2160	00	32	-8	1	13	1	6	6	391	391	343	249	162	342	
2161	00	31	-7	1	13	1	2	2	67	211					
2162	00	31	-7	1	0	1	7	7	391	99	53	87	59	121	342
2163	00	31	-8	1	0	1	5	4	0	222	254	121	342		
2164	00	31	-8	1	0	1	5	5	391	99	59	8	342		
2165	00	32	-8	1	13	1	4	3	0	149	294	342			
2166	00	32	-8	1	13	1	6	6	173	180	99	127	347	342		
2167	00	32	-8	1	11	1	2	2	90	242						
2168	00	32	-8	1	13	1	5	5	391	99	171	8	342			
2169	00	32	-8	1	71	1	7	7	328	307	402	301	155	211	242	
2170	00	31	-8	1	0	1	6	5	0	*244	98	178	389	15		
2171	00	32	-8	1	71	1	6	6	87	322	99	87	59	71		
2173	00	32	-8	1	13	1	3	3	379	245	245					
2174	00	32	-8	1	11	1	7	7	87	230	180	99	70	53	342	
2175	00	32	-8	1	13	1	3	3	190	59	176					
2176	00	31	-8	1	13	1	3	3	249	162	391					
2177	00	31	-8	1	13	1	5	5	267	99	48	342	1			
2178	00	31	-8	1	13	1	8	8	267	99	173	403	347	342	400	307
2179	00	32	-8	1	13	1	6	6	267	99	*409	96	342	*001		
2180	00	31	-8	1	13	1	4	4	267	99	102	162				
2181	00	31	-8	1	0	1	2	2	48	342						
2182	00	32	-8	1	11	1	3	2	249	169	0					
2183	00	32	-8	1	0	1	4	4	53	171	59	211						
2184	00	31	-8	1	13	1	7	7	371	225	344	67	98	347	342			
2185	00	31	-8	1	13	1	5	5	203	344	66	375	89					
2186	00	31	-8	1	45	1	4	4	65	67	121	12						
2187	00	32	-8	1	13	1	3	3	150	87	277							
2188	00	32	-8	1	113	1	4	3	0	123	328	*012						
2189	00	32	-8	1	11	1	3	2	67	244	0							
2190	00	32	-8	1	13	1	6	6	302	123	398	160	307	176				
2191	00	31	-8	1	13	1	5	5	181	319	97	102	190					
2192	00	32	-8	1	11	1	4	3	0	17	406	162						
2193	00	31	-8	1	13	1	6	6	202	343	65	67	72	211				
2195	00	32	-8	1	71	1	4	3	0	192	347	342						
2196	00	32	-8	1	13	1	3	3	72	388	176							
2197	00	31	-8	1	13	1	10	10	87	322	99	65	72	336	89	390	327	*342
2198	00	31	-8	1	13	1	4	4	216	123	109	162						
2199	00	31	-8	1	13	1	3	3	286	99	68							
2200	00	31	-8	1	0	1	3	3	153	153	342				
2201	00	32	-8	1	351	1	3	3	186	347	342				
2202	00	31	-8	1	13	1	5	5	244	230	99	124	*342		
2203	00	32	-8	1	13	1	3	3	23	86	15				
2204	00	31	-8	1	0	1	5	4	403	17	56	*249	0		
2205	00	32	-9	1	0	1	7	7	389	53	171	59	373	287	342
2206	00	32	-8	1	13	1	3	2	395	402	0				
2207	00	32	-8	1	13	1	6	6	155	343	171	59	53	342	
2208	00	31	-8	1	13	1	7	7	328	391	99	70	336	89	211
2209	00	31	-8	1	13	9	2	1	*059	0					
2211	00	31	-8	1	13	1	3	3	387	87	60				
2213	00	31	-8	1	0	1	5	5	336	89	98	358	342		
2214	00	31	-8	1	13	1	3	3	112	194	342				
2215	00	31	-8	1	13	1	2	2	106	169					
2216	00	31	-8	1	45	1	5	5	175	180	99	338	342		
2217	00	31	-8	1	351	9	3	2	0	1	1				
2219	00	31	-8	1	13	1	6	6	50	343	375	375	81	342	
2220	10	31	-8	1	0	2	2	2	182	149					
2220	20	31	-8	1	0	1	4	4	216	123	149	342			
2221	00	31	-9	1	0	1	5	5	389	65	67	296	342		
2222	00	32	-8	1	470	1	5	5	150	123	70	294	342		
2224	00	31	-8	1	13	1	7	7	267	99	67	153	153	347	342
2225	00	32	-9	1	13	1	3	3	212	87	341				
2226	00	31	-8	1	13	3	1	1	73						
2227	00	31	-9	1	0	1	6	6	389	87	59	67	121	342	
2228	01	31	-9	1	0	1	5	4	244	83	99	67	0		
2228	02	31	-9	1	0	1	5	4	87	244	28	*162	0		
2228	03	31	-9	1	0	9	1	0	0						
2229	10	31	-8	1	41	1	3	3	104	59	211				
2229	20	31	-8	1	0	1	6	6	267	99	51	130	149	342	
2230	00	31	-8	1	0	2	5	4	0	87	59	155	162		
2231	00	31	-9	1	13	1	7	7	387	53	171	59	98	347	342
2232	00	31	-9	1	13	1	5	5	386	65	59	327	342			
2233	00	32	-9	1	13	1	7	7	215	298	86	109	59	342	1	
2234	00	31	-9	1	23	1	4	4	336	162	100	66				
2235	01	31	-9	1	470	1	3	2	0	99	68					
2235	02	31	-9	1	470	1	2	2	59	*267						
2236	00	31	-9	1	0	1	4	4	*249	169	53	342				
2237	00	31	-9	1	13	1	8	8	267	343	87	155	124	169	296	342
2238	00	32	-9	1	45	1	6	6	34	99	65	301	347	342		
2239	00	31	-9	1	13	1	2	2	75	12						
2240	00	31	-9	1	0	1	4	4	102	25	245	245				
2241	00	31	-9	1	13	1	3	3	48	28	169					
2242	00	31	-9	1	13	1	3	3	255	11	15					
2243	00	31	-9	1	13	1	5	5	150	123	70	127	*342			
2244	00	31	-9	1	13	1	2	2	216	254						
2246	00	31	-9	1	13	1	5	5	372	99	403	87	342			
2247	00	32	-9	1	13	1	6	6	150	123	65	67	348	*342		
2249	00	32	-9	1	31	1	2	2	102	25				
2250	00	31	-9	1	13	1	5	5	86	327	99	102	190	
2251	00	32	-9	1	13	1	5	5	267	99	336	89	211	
2252	00	32	-9	1	13	1	5	4	0	67	403	87	342	
2253	00	31	-9	1	13	1	3	3	344	347	342			
2254	00	31	-9	1	13	1	4	4	106	287	342	1		
2255	00	32	-9	1	13	1	6	6	267	99	375	375	342	1
2256	00	32	-9	1	13	1	6	5	267	99	86	67	244	0
2257	00	31	-9	1	65	1	5	5	139	99	15	244	342	
2258	00	32	-9	1	251	1	2	2	48	342				
2260	00	31	-9	1	95	1	6	6	87	59	67	89	381	342
2261	00	31	-9	1	13	3	1	1	392					
2262	00	31	-10	1	11	1	4	4	267	99	113	342		
2263	00	31	-9	1	13	1	6	6	373	162	343	249	162	342
2264	01	32	-10	1	13	1	6	6	197	32	123	287	319	342
2264	02	32	-10	1	13	3	1	1	235					
2265	00	31	-10	1	13	1	3	2	243	267	0						
2266	00	32	-10	1	0	1	5	4	354	319	123	40	0				
2267	00	31	-10	1	13	1	3	3	306	114	162						
2268	00	31	-9	1	45	1	4	4	391	99	214	342					
2269	00	31	-9	1	13	2	2	2	162	342							
2270	00	32	-10	1	13	1	2	2	406	162							
2271	00	31	-10	1	13	1	9	9	391	28	169	99	65	72	67	244	342
2272	00	31	-9	1	13	1	4	4	387	67	348	342					
2273	00	31	-10	1	0	1	8	8	216	123	171	59	336	89	216	254	
2274	00	31	-10	1	13	1	2	2	2	176							
2275	00	32	-10	1	45	1	6	5	0	65	67	336	89	211			
2276	00	31	-9	1	11	1	4	4	267	99	28	1					
2277	00	31	-10	1	13	1	4	3	0	*249	169	342					
2278	00	31	-10	1	71	1	6	5	0	387	87	284	294	342			
2279	01	31	-10	1	640	2	3	2	162	1	0						
2279	02	31	-10	1	640	3	1	1	242								
2280	00	31	-10	1	31	1	5	5	197	249	343	67	211			
2281	00	31	-10	1	13	1	6	6	375	99	67	342	216	254		
2282	00	31	-10	1	13	1	5	5	53	171	59	48	342			
2283	00	32	-10	1	95	1	5	5	398	99	25	176	342			
2284	00	31	-10	1	13	1	6	6	336	209	343	389	296	342		
2285	00	31	-10	1	13	1	6	6	26	100	87	59	38	342		
2286	00	31	-10	1	13	1	6	6	343	391	99	86	75	12		
2288	00	31	-10	1	0	1	5	5	267	99	48	233	342			
2289	00	31	-10	1	0	1	3	3	284	14	176					
2290	00	31	-10	1	45	1	8	8	267	99	204	230	301	155	347	342
2291	00	31	-10	1	0	1	3	3	59	48	342					
2292	00	31	-10	1	0	1	5	5	17	345	25	245	245			
2293	00	31	-10	1	13	1	2	2	124	12						
2294	00	31	-10	1	13	1	3	3	204	245	342					
2295	00	31	-10	1	13	1	4	4	292	343	180	140				
2296	00	31	-10	1	13	1	3	3	182	293	162					
2297	00	31	-10	1	0	1	8	8	86	210	99	389	67	211	97	102
2298	00	31	-10	1	45	1	5	5	293	123	343	112	162			
2299	00	31	-10	1	13	9	2	1	0	403						
2300	00	32	-10	1	13	1	5	5	249	162	343	296	342			
2301	00	31	-10	1	0	1	7	7	194	194	219	345	97	104	169	
2302	00	31	-10	1	0	1	6	6	391	99	387	102	287	342		
2303	00	31	-10	1	0	1	4	3	72	249	*169	0				
2304	00	31	-10	1	71	1	4	4	267	402	25	15				
2305	00	31	-10	1	13	1	5	5	50	343	67	102	15			
2306	00	32	-10	1	31	1	6	6	*284	99	9	67	342	224		
2307	00	31	-10	1	13	1	7	7	391	99	53	336	89	67	66	
2308	00	31	-10	1	0	1	3	3	182	293	342					
2309	00	31	-10	1	113	1	5	4	0	402	59	387	342			
2310	00	31	-10	1	31	1	2	2	86	250						
2311	00	31	-11	1	13	1	4	3	150	123	217	0				
2312	01	31	-11	1	13	1	6	5	0	53	342	249	162	342		
2312	02	31	-11	1	13	3	1	1	242										
2313	00	31	-10	1	45	1	3	3	124	50	375								
2314	00	31	-11	1	31	1	4	4	293	123	342	87							
2315	00	32	-10	1	0	1	3	3	72	169	342								
2316	00	31	-11	1	19	1	4	4	305	123	87	60							
2317	00	31	-11	1	11	1	10	10	171	8	342	3	130	124	216	245	245	342	
2318	00	32	-11	1	0	1	3	3	59	394	176								
2319	00	31	-11	1	0	1	6	5	104	174	99	53	171	0					
2321	00	31	-10	1	0	2	3	3	67	*284	342								
2322	00	31	-11	1	31	1	5	5	162	162	162	162	15						
2323	00	31	-11	1	13	1	3	3	271	125	59								
2324	00	31	-11	1	0	1	3	3	389	65	211								
2325	00	31	-11	1	0	1	11	11	244	336	326	327	99	387	65	59	249	169	342
2326	00	31	-11	1	13	1	6	6	391	123	65	67	296	342					
2327	10	31	-11	1	0	2	7	7	267	99	65	67	127	347	342				
2327	20	31	-11	1	0	2	7	7	*267	*099	65	67	127	347	342				
2328	00	32	-11	1	0	2	3	2	0	2	*012							
2331	00	31	-11	1	31	1	4	3	336	251	341	0						
2332	01	32	-11	1	65	1	4	3	267	99	*086	0						
2332	02	32	-11	1	65	3	1	1	*374									
2333	00	31	-11	1	13	1	7	7	4	99	70	72	249	169	342			
2334	00	31	-11	1	45	1	5	5	219	178	67	244	342					
2335	00	31	-11	1	11	1	10	10	391	99	386	53	171	59	72	249	162	342
2336	00	31	-11	1	0	1	5	5	121	406	169	222	254					
2337	00	31	-11	1	13	1	7	7	293	123	344	70	387	*347	*342			
2338	00	31	-11	1	13	1	7	7	267	99	67	171	8	342	1			
2339	10	31	-11	1	0	1	2	2	182	149								
2339	20	31	-11	1	0	1	4	4	216	123	149	342						
2340	00	31	-11	1	13	1	6	6	152	99	53	59	87	60				
2341	00	31	-11	1	11	1	3	3	258	347	342							
2342	00	31	-11	1	13	1	2	2	25	15								
2343	00	31	-11	1	13	1	2	2	102	*015								
2344	00	31	-11	1	13	1	5	5	307	343	65	67	12		
2345	00	31	-11	1	0	1	4	4	67	25	245	245			
2346	00	31	-11	1	0	1	4	4	102	216	245	245			
2347	00	31	-11	1	261	1	5	5	319	402	99	176	176		
2348	00	31	-11	1	13	1	7	7	249	102	287	99	67	348	342
2349	00	31	-11	1	13	1	4	4	391	97	268	137			
2350	00	31	-11	1	0	1	5	5	345	98	25	245	245		
2351	00	31	-11	1	13	1	2	2	20	176					
2352	11	31	-11	1	0	1	3	3	197	343	*252				
2352	12	31	-11	1	0	1	3	3	*186	233	137				
2352	21	31	-11	1	0	9	2	1	345	0					
2352	22	31	-11	1	0	9	1	0	0						
2353	00	31	-11	1	13	1	4	4	17	336	197	*252			
2354	00	31	-12	1	13	1	4	4	267	99	102	162			
2355	00	31	-12	1	13	1	5	5	198	302	343	113	342		
2356	00	31	-11	1	999	1	4	3	216	267	402	0			
2357	00	31	-11	1	999	1	4	4	267	99	104	169				
2358	00	31	-11	1	13	1	2	2	292	342						
2359	00	31	-11	1	23	1	5	5	264	17	171	8	342			
2360	00	31	-12	1	101	1	2	2	135	342						
2361	00	31	-12	1	13	1	3	3	54	19	81					
2362	00	31	-12	1	31	1	3	3	398	217	342					
2363	00	31	-12	1	13	1	6	6	267	99	217	403	347	342		
2364	00	31	-12	1	13	1	2	2	334	342						
2365	00	31	-12	1	13	1	5	5	80	160	343	72	211			
2366	01	31	-11	1	31	1	4	4	409	96	19	99				
2366	02	31	-11	1	31	1	3	3	59	194	342					
2367	00	31	-12	1	13	1	8	7	391	98	87	59	72	336	89	0
2368	00	31	-12	1	13	1	2	2	102	15						
2369	00	31	-12	1	0	1	6	6	51	130	149	342	98	174		
2370	00	31	-12	1	45	1	5	5	175	28	99	102	162			
2371	00	32	-12	1	13	1	2	2	2	14						
2372	00	31	-12	1	0	1	3	3	204	245	*015			
2373	01	31	-13	1	13	1	6	6	307	402	99	171	59	211
2373	02	31	-13	1	13	3	1	1	242					
2374	00	31	-10	2	0	2	3	3	102	59	342			
2375	00	31	-12	1	13	1	3	3	70	342	12			
2377	10	31	-12	1	13	3	1	1	216					
2377	20	31	-12	1	0	3	1	1	169					
2378	00	31	-12	1	45	1	6	6	387	72	48	342	319	17
2379	00	31	-12	1	13	1	2	2	47	211				
2380	00	31	-12	1	45	1	3	3	171	8	342			
2381	00	31	-12	1	13	1	3	3	106	287	342			
2382	00	31	-12	1	13	1	2	2	106	15				
2384	00	31	-12	1	999	1	3	3	389	67	211			
2385	00	31	-12	1	45	1	4	3	264	72	171	0		
2387	00	31	-12	1	0	1	4	4	391	99	104	169		
2388	00	31	-12	1	0	1	5	4	222	254	407	*169	0	
2389	00	31	-12	1	13	1	2	2	2	12							
2390	00	31	-12	1	45	1	5	5	215	17	310	249	307				
2391	00	31	-12	1	0	1	5	5	194	99	336	89	211				
2392	00	31	-12	1	0	1	7	6	0	*153	336	89	390	327	342		
2393	00	31	-12	1	13	1	8	7	267	402	70	211	205	249	155	0	
2394	10	31	-12	1	0	1	2	2	86	15							
2394	20	31	-12	1	0	2	2	2	86	15							
2395	00	31	-12	1	0	2	7	7	205	245	48	8	97	89	190		
2396	00	31	-12	1	13	1	7	7	389	65	67	204	112	358	342		
2397	00	31	-12	1	0	1	4	4	86	136	267	342					
2398	01	31	-12	1	13	1	9	9	293	98	65	59	211	150	123	135	342
2398	02	31	-12	1	13	1	4	4	402	55	279	404					
2399	00	31	-12	1	45	1	4	3	0	*059	216	254					
2401	00	31	-12	1	0	1	3	3	*086	6	12						
2402	00	31	-12	1	13	1	6	6	293	123	343	67	175	206			
2403	00	31	-12	1	13	1	5	5	267	99	124	25	342				
2404	00	31	-12	1	13	1	6	6	124	409	96	342	1	176		
2405	10	31	-12	1	13	1	6	6	293	123	343	65	294	342		
2405	21	31	-12	1	0	2	4	4	391	102	137	253				
2405	22	31	-12	1	0	1	4	3	409	94	409	0				
2405	30	31	-12	1	0	1	3	3	319	32	162					
2405	40	31	-12	1	0	1	2	2	403	231						
2405	50	31	-12	1	0	3	1	1	408							
2405	60	31	-12	1	0	9	1	0	0							
2406	00	31	-13	1	13	1	8	8	403	256	216	123	65	87	284	342
2407	00	31	-13	1	13	1	7	7	159	381	99	175	230	53	342	
2408	00	31	-12	1	0	2	5	5	267	99	331	162	402			
2409	00	31	-13	1	45	1	3	3	72	247	342					
2410	00	31	-13	1	45	1	4	4	65	67	233	342				
2411	00	31	-13	1	251	1	5	5	391	123	336	89	211			
2413	00	31	-13	1	13	1	6	6	264	89	332	58	249	307		
2414	00	31	-13	1	0	1	3	3	67	348	342					
2415	00	31	-13	1	13	1	6	6	264	287	87	249	175	180			
2417	00	31	-13	1	13	1	5	5	234	287	162	343	68				
2418	00	31	-13	1	13	1	6	6	17	*293	162	343	386	342			
2419	00	31	-13	1	13	1	6	6	267	402	123	72	342	1			
2420	01	31	-13	1	480	1	6	6	3	216	229	344	59	342			
2420	02	31	-13	1	480	3	1	1	1								
2421	00	31	-13	1	13	1	2	2	173	12							
2422	00	31	-13	1	13	1	4	4	83	125	286	391					
2423	00	31	-13	1	45	1	8	8	75	10	97	121	245	245	10	176	
2424	00	31	-13	1	13	1	6	6	267	99	51	130	149	342			
2425	00	31	-13	1	13	9	2	1	307	0							
2426	00	31	-13	1	13	1	7	7	387	65	67	336	89	48	342		
2427	00	31	-13	1	13	1	8	8	307	86	99	86	121	391	391	*402	
2428	00	31	-13	1	0	1	5	5	182	342	98	75	14				
2429	00	31	-12	1	13	1	9	9	173	51	267	99	87	59	53	8	342
2430	01	31	-15	1	780	1	3	2	229	219	0						
2430	02	31	-15	1	780	1	3	3	70	*342	1								
2430	03	31	-15	1	780	3	1	1	242										
2431	01	31	-13	1	31	1	3	3	172	245	*334								
2431	02	31	-13	1	31	3	1	1	393										
2432	00	31	-13	1	13	1	5	5	350	99	341	387	60						
2433	00	31	-13	1	13	1	2	2	234	254									
2434	00	31	-13	7	0	1	6	6	59	99	102	36	384	384					
2435	00	31	-13	1	13	1	3	3	285	325	211								
2436	00	31	-13	1	13	1	11	11	17	293	293	211	186	267	99	59	59	155	211
2437	00	31	-13	7	0	1	3	3	6	267	99								
2438	00	31	-13	1	13	1	5	4	267	99	65	72	0						
2439	00	31	-13	1	0	1	7	6	391	233	59	98	25	245	0				
2440	00	31	-13	1	13	1	6	6	197	336	97	86	59	211					
2441	00	31	-13	1	31	1	4	3	65	72	216	0							
2442	00	31	-13	1	13	1	6	6	293	123	343	336	49	86					
2443	00	31	-13	1	45	1	5	5	397	86	343	406	162						
2444	00	31	-13	1	13	1	4	4	171	8	342	176							
2445	00	33	-13	1	65	1	5	5	391	1	134	86	415						
2446	00	31	-13	1	13	1	11	11	238	267	99	387	53	72	336	89	112	194	342
2447	00	31	-13	1	351	1	8	8	*343	391	99	87	155	171	8	342			
2448	00	31	-13	1	0	1	4	3	0	*086	123	7							
2449	00	31	-13	1	13	1	5	5	28	162	343	48	342						
2450	00	31	-13	1	251	1	5	5	267	99	98	347	342						
2451	00	31	-13	1	13	1	6	6	162	216	57	99	62	342					
2452	00	31	-13	1	13	1	3	3	87	59	71								
2453	00	31	-13	1	351	1	5	4	0	325	171	8	342						
2455	00	31	-14	1	13	1	9	9	191	303	402	99	87	59	244	58	342		
2456	01	31	-14	1	13	1	4	4	258	342	87	60							
2456	02	31	-14	1	13	1	2	2	87	272									
2457	00	31	-14	1	45	1	5	5	67	204	112	342	176						
2458	00	31	-14	1	13	1	2	2	379	307									
2459	00	31	-14	1	13	1	4	3	175	0	347	342							
2460	00	31	-14	1	13	1	5	5	59	127	267	176	176				
2461	00	31	-14	1	0	1	8	8	178	389	15	87	326	25	245	245	
2463	00	31	-14	1	31	1	5	5	343	391	99	387	342				
2464	00	31	-14	1	13	1	3	3	86	387	402						
2465	00	31	-14	1	13	1	6	6	195	123	87	357	175	180			
2466	01	31	-14	1	13	1	6	6	87	244	307	175	180	176			
2466	02	31	-14	1	13	3	1	1	374								
2467	00	31	-14	1	351	1	3	2	0	8	342						
2468	00	31	-14	1	13	1	3	3	267	180	391						
2469	00	31	-14	1	13	1	3	3	65	342	224						
2470	00	31	-14	1	0	1	6	6	182	293	342	97	102	40			
2471	01	31	-14	1	11	1	3	3	295	336	53						
2471	02	31	-14	1	11	3	1	1	242								
2472	00	31	-14	1	13	1	3	3	326	342	14						
2473	00	31	-14	1	13	1	9	9	214	150	267	99	249	162	375	76	267
2474	00	31	-14	1	13	1	5	5	343	267	402	205	267				
2475	00	31	-14	1	13	1	5	5	30	402	99	415	342			
2476	00	31	-14	1	13	1	5	5	267	99	171	8	342			
2477	00	31	-14	1	0	1	8	8	86	210	99	389	69	211	97	173
2478	00	31	-14	1	13	1	5	5	267	99	112	194	342			
2480	00	31	-14	1	13	1	7	7	391	99	70	87	59	387	342	
2481	00	31	-14	1	13	1	7	7	267	99	103	403	48	8	342	
2482	00	31	-14	7	0	1	4	4	17	48	342	176				
2483	00	31	-14	1	351	1	4	3	0	130	149	342				
2484	00	31	-15	1	91	1	4	3	0	*018	226	254				
2485	00	31	-15	1	0	1	5	5	267	99	174	176	211			
2486	00	31	-15	1	13	1	5	5	102	217	403	347	342			
2489	00	31	-15	1	13	1	6	6	25	99	87	59	294	342		
2490	00	31	-15	1	13	1	5	5	210	180	99	47	211			
2491	00	31	-15	1	13	1	6	5	267	99	389	336	293	0		
2492	00	31	-15	1	13	1	6	6	150	123	336	89	296	342		
2493	00	31	-15	1	251	1	2	2	149	13						
2495	00	31	-15	1	45	1	6	6	204	155	211	249	180	267
2496	00	31	-15	1	999	1	5	4	0	59	97	226	342	
2497	00	31	-15	1	0	2	2	2	102	15				
2498	00	31	-15	1	13	1	5	5	391	123	70	53	342	
2499	00	31	-15	1	0	1	3	3	204	230	342			
2500	00	31	-15	1	45	1	2	2	375	52				
2501	00	31	-15	1	11	1	4	4	293	123	343	250		
2502	00	31	-15	1	13	1	3	3	67	244	342			
2503	00	31	-15	1	13	1	4	4	267	99	76	12		
2504	00	31	-15	1	71	1	5	5	267	99	86	72	211	
2505	10	31	-15	1	0	1	2	2	182	149				
2505	20	31	-15	1	0	1	4	4	216	123	149	342		
2506	00	31	-15	1	13	1	3	3	389	296	342			
2507	00	31	-15	1	13	1	6	6	375	65	72	336	89	211
2508	10	31	-15	1	0	1	2	2	182	149				
2508	20	31	-15	1	0	1	4	4	216	123	149	342		
2509	00	31	-15	1	999	5	2	2	1	1				
2511	00	31	-15	1	13	1	6	6	150	97	253	230	347	*342
2512	00	31	-15	1	71	1	4	3	267	99	375	0		
2513	00	31	-15	1	13	1	5	5	*267	99	98	67	60	
2514	00	31	-15	1	13	1	2	2	102	15				
2515	00	31	-15	1	0	1	4	4	184	249	345	98		
2516	01	31	-15	1	131	3	1	1	86					
2516	02	31	-15	1	131	3	1	1	211					
2517	00	31	-15	1	71	1	3	3	336	51	342			
2518	01	31	-15	1	91	1	6	6	16	125	343	48	342	1
2518	02	31	-15	1	91	3	1	1	391					
2518	03	31	-15	1	91	3	1	1	*197					
2519	01	31	-15	1	13	1	4	4	87	261	249	307		
2519	02	31	-15	1	13	1	4	4	59	347	342	12		
2520	00	31	-15	1	13	1	3	3	65	113	342			
2521	00	31	-16	1	251	1	6	6	391	123	98	249	162	342
2522	00	31	-16	1	730	1	7	7	284	99	124	342	402	59	86				
2523	00	31	-16	1	13	1	5	5	267	99	65	59	211						
2524	00	31	-16	1	13	1	6	6	104	59	123	336	89	211					
2525	00	31	-16	1	0	2	2	2	106	169									
2526	00	31	-16	1	0	1	4	4	86	67	8	342							
2527	00	31	-16	1	95	1	3	3	84	50	176								
2528	00	31	-16	1	0	1	6	6	391	99	389	182	293	169					
2529	00	31	-16	1	0	1	6	5	0	97	327	17	261	86					
2530	00	31	-16	1	13	1	2	2	200	391									
2531	00	31	-16	1	999	1	4	4	391	99	294	342							
2532	00	31	-16	1	13	1	6	6	109	129	123	65	59	*211					
2533	00	31	-16	1	13	1	5	5	267	99	171	8	342						
2534	00	31	-16	1	45	1	3	3	72	387	342								
2535	00	31	-16	1	31	1	4	4	151	97	124	*342							
2536	00	31	-16	1	13	1	7	7	216	123	65	211	373	127	373				
2537	00	31	-24	1	0	1	11	11	293	123	344	389	171	59	67	51	130	149	342
2538	00	31	-16	1	13	1	5	5	162	1	162	48	342			
2539	00	31	-16	1	13	1	8	8	375	267	99	53	342	72	155	211
2540	00	31	-16	1	13	1	3	3	102	15	176					
2541	00	31	-16	1	0	1	7	7	53	171	59	336	89	216	254	
2542	10	31	-16	1	0	1	4	3	0	123	102	169				
2542	20	31	-16	1	0	1	5	4	0	336	89	296	342			
2543	01	31	-16	1	13	1	6	5	*307	86	99	67	72	0		
2543	02	31	-16	1	13	1	3	3	244	51	267					
2545	00	31	-16	1	11	1	5	5	267	99	65	222	254			
2546	00	31	-16	1	13	1	2	2	38	375						
2547	00	31	-16	1	12	1	4	3	102	216	*245	0				
2548	00	31	-16	1	13	1	6	6	303	252	99	205	230	211		
2549	00	31	-16	1	13	1	3	3	51	130	15					
2551	00	31	-16	1	13	1	5	5	*267	99	86	226	254			
2552	00	31	-17	1	13	1	8	8	267	99	87	59	342	224	97	173
2554	00	31	-17	1	136	1	2	2	284	99						
2555	00	31	-17	1	13	1	6	6	267	99	53	72	155	211		
2556	00	31	-17	1	13	1	5	5	76	402	99	233	342			
2557	00	31	-17	1	13	1	3	3	124	25	342					
2558	01	31	-17	1	0	1	6	5	293	123	343	65	70	0		
2558	02	31	-17	1	0	9	3	1	0	343	0					
2559	00	31	-17	1	999	1	4	3	0	303	391	99				
2560	00	31	-17	1	13	1	3	3	330	245	*342					
2561	00	31	-17	1	13	9	2	1	*002	0						
2562	00	31	-17	1	13	1	4	3	0	48	193	342				
2563	00	31	-17	1	13	1	7	7	233	127	125	59	99	193	342	
2564	01	31	-17	1	13	1	4	4	249	102	287	99				
2564	02	31	-17	1	13	1	3	3	67	348	342					
2565	01	31	-17	1	131	3	1	1	109							
2565	02	31	-17	1	131	3	1	1	162							
2566	00	31	-17	1	0	1	8	7	0	336	59	127	97	175	1	175
2567	00	31	-17	1	31	1	6	6	391	99	105	59	342	1		
2568	00	31	-17	1	0	1	5	4	386	336	89	333	0				
2569	00	31	-17	1	13	1	6	6	267	99	287	249	162	12			
2570	00	31	-17	1	13	1	3	2	67	*348	0						
2571	00	31	-17	1	13	1	3	3	391	81	176						
2572	00	31	-17	1	13	1	4	4	391	99	102	162					
2573	00	31	-17	1	71	1	6	6	336	89	99	192	347	342			
2574	00	31	-17	1	13	1	5	5	264	65	59	342	1				
2575	00	31	-17	1	0	1	3	3	336	89	211						
2576	00	31	-17	1	13	1	6	6	391	123	72	253	81	342			
2577	01	31	-17	1	13	1	2	2	327	342							
2577	02	31	-17	1	13	1	2	2	89	177							
2578	00	31	-17	1	13	1	6	6	391	99	67	59	341	*342			
2579	00	31	-17	1	0	1	3	3	284	391	87						
2580	00	31	-17	1	13	1	4	4	267	99	48	342					
2581	00	31	-17	1	45	1	9	9	*153	155	99	86	124	409	96	342	1
2582	00	31	-17	1	13	1	3	3	375	375	342						
2583	00	31	-17	1	13	1	7	7	267	99	65	336	89	222	254
2584	00	31	-18	1	13	1	6	6	399	121	99	70	53	342	
2585	00	31	-18	1	13	1	2	2	60	242					
2587	10	31	-18	1	65	1	3	3	86	102	15				
2587	21	31	-18	1	0	1	2	2	261	86					
2587	22	31	-18	1	0	2	5	4	267	99	67	70	0		
2588	00	31	-18	1	13	1	6	6	98	72	17	173	86	224	
2589	00	31	-18	1	13	1	4	4	389	336	89	211			
2590	00	31	-18	1	71	1	4	4	267	99	59	211			
2591	00	31	-18	1	13	1	4	4	267	99	348	342			
2592	00	31	-18	1	13	1	3	3	59	59	12				
2593	00	31	-18	1	13	1	6	6	76	64	99	72	224	342	
2594	00	31	-18	1	13	1	5	5	102	59	249	162	342		
2595	00	31	-18	1	13	1	4	4	196	123	87	30			
2596	00	31	-18	1	11	1	7	7	*160	344	47	173	403	347	342
2597	01	31	-18	1	13	1	5	4	397	267	343	197	0		
2597	02	31	-18	1	13	9	2	1	400	0						
2598	01	31	-18	1	13	1	5	5	293	123	48	62	342			
2598	02	31	-18	1	13	1	4	4	177	197	373	373				
2599	00	31	-18	1	0	1	8	8	182	293	344	387	171	59	397	169
2600	00	31	-18	1	0	1	3	3	249	169	342					
2601	01	31	-18	1	13	1	5	5	415	277	99	102	190			
2601	02	31	-18	1	13	2	2	2	153	127						
2602	00	31	-18	1	13	1	2	2	2	12						
2603	00	31	-18	1	0	1	7	7	17	293	136	193	204	234	176	
2604	11	31	-18	1	0	2	3	3	17	250	176					
2604	12	31	-18	1	0	2	5	5	102	*097	149	89	328			
2604	29	31	-18	1	441	0	0	0								
2605	00	31	-18	1	11	1	4	4	171	59	341	342				
2606	00	31	-18	1	137	1	2	2	294	342						
2607	00	31	-18	1	31	1	3	3	153	153	342					
2608	00	31	-18	1	13	1	3	3	65	327	342					
2609	00	31	-18	1	31	1	6	6	293	123	343	249	162	12				
2610	00	31	-18	1	31	1	3	2	171	8	0							
2611	01	31	-18	1	31	1	4	4	150	302	99	15						
2611	02	31	-18	1	31	1	2	2	124	12								
2612	00	31	-18	1	13	1	6	6	267	342	86	75	245	245				
2613	00	31	-18	1	13	1	4	4	293	123	343	250						
2614	00	31	-18	1	13	1	10	10	84	59	160	343	387	67	87	59	155	211
2615	00	31	-18	1	31	1	5	5	307	180	87	261	87					
2616	00	31	-19	1	13	1	3	3	345	180	86							
2617	00	31	-19	1	13	1	8	8	400	293	97	72	336	89	86	91		
2618	00	31	-19	1	13	1	5	5	267	99	67	244	342					
2620	00	31	-19	1	13	1	3	3	345	409	94							
2621	00	31	-19	1	13	1	5	5	291	343	336	51	342					
2622	00	31	-19	1	13	1	3	3	301	155	211							
2623	00	31	-19	1	13	1	4	4	267	99	124	342						
2625	00	31	-19	1	13	1	5	5	391	123	86	68	176					
2626	10	31	-19	1	0	1	2	2	197	86					
2626	20	31	-19	1	31	1	5	5	197	86	99	102	162		
2627	00	31	-19	1	0	1	4	3	0	171	8	*342			
2628	00	31	-19	1	13	1	5	5	336	209	391	124	12		
2629	00	31	-19	1	13	1	3	3	86	260	342				
2630	00	31	-19	1	13	1	4	4	267	99	17	38			
2631	00	31	-19	1	13	1	5	5	267	99	153	153	342		
2632	00	31	-20	1	13	1	7	7	293	15	99	102	17	8	342
2633	00	31	-20	1	45	1	3	3	284	102	15				
2634	00	31	-20	1	13	1	4	4	264	9	342	1			
2635	00	31	-20	1	13	1	5	5	267	402	123	102	15		
2636	10	31	-20	1	31	1	4	4	267	99	106	162			
2636	20	31	-20	1	251	1	4	3	267	99	*106	0			
2637	00	31	-20	1	0	1	2	2	70	12					
2638	00	31	-20	1	13	1	2	2	249	307					
2639	00	31	-20	1	13	1	2	2	86	15					
2640	00	31	-20	1	91	1	3	2	0	347	342											
2641	01	31	-20	1	271	1	2	2	330	123												
2641	02	31	-20	1	271	1	4	4	197	67	342	1										
2643	00	31	-20	1	0	1	5	5	323	344	65	296	342									
2644	00	31	-20	1	14	1	3	2	0	341	342											
2645	00	31	-20	1	11	1	3	3	100	17	60											
2646	00	31	-20	1	13	1	5	4	0	99	59	135	342									
2647	00	31	-20	1	13	1	7	7	267	99	67	171	8	342	1							
2648	00	31	-20	1	71	1	5	5	267	99	104	162	242									
2650	00	31	-21	1	13	1	5	5	293	123	343	294	342									
2651	00	31	-21	1	112	2	4	4	219	381	252	391										
2652	00	31	-21	1	13	1	2	2	216	254												
2653	00	31	-21	1	13	1	6	6	267	99	48	127	347	342								
2654	00	31	-21	1	0	1	14	14	17	293	293	211	202	267	99	65	70	336	89	87	284	342
2655	00	31	-21	1	41	1	6	6	387	72	336	89	347	342								
2656	00	31	-21	1	13	1	3	3	290	267	402											
2657	00	31	-21	1	13	1	5	5	319	32	99	102	162	
2658	10	31	-21	1	0	2	2	2	109	162				
2658	29	31	-21	1	361	0	0	0						
2659	00	31	-21	1	351	1	3	3	*102	287	342			
2660	00	31	-21	1	13	1	6	6	267	99	249	162	342	242
2661	00	31	-21	1	50	1	2	2	201	277				
2662	00	31	-21	1	0	1	3	3	3	352	176			
2663	00	31	-21	1	62	1	3	3	204	245	342			
2664	00	31	-21	1	13	1	5	5	*237	330	97	124	342	
2665	00	31	-21	1	351	1	5	5	*391	97	261	186	343	
2666	00	31	-22	1	13	1	5	5	17	162	99	124	342	
2667	01	31	-22	1	13	1	5	4	86	59	*127	267	0	
2667	02	31	-22	1	13	1	3	2	87	59	0			
2669	00	31	-22	1	13	1	4	3	0	*059	121	342		
2671	00	31	-22	1	351	1	3	2	0	53	342			
2672	00	31	-22	1	0	1	3	2	0	347	342			
2673	00	31	-23	1	132	3	1	1	326						
2674	00	31	-23	1	13	1	5	5	267	99	175	176	211		
2675	00	31	-23	1	45	1	7	7	87	19	54	99	65	59	211
2676	00	31	-23	1	11	1	4	3	0	72	149	342			
2677	00	31	-24	1	31	1	4	4	267	99	22	297			
2678	00	31	-24	1	13	1	2	2	124	12					
2679	00	31	-24	1	0	1	5	5	238	267	99	121	342		
2680	00	31	-24	1	13	1	5	5	267	99	204	230	342		
2681	00	31	-24	1	13	1	6	5	0	*219	343	109	59	211	
2682	00	31	-24	1	0	1	2	2	389	15					
2683	00	31	-25	1	0	1	5	3	0	72	59	342	0		
2684	00	31	-25	1	112	1	5	5	391	99	228	162	242		
2685	00	31	-27	1	13	1	7	7	303	343	67	51	130	149	342
2686	00	31	-31	1	11	1	4	2	0	402	43	0			
2687	01	34	-16	1	13	1	6	6	87	162	343	98	347	342	
2687	02	34	-16	1	13	1	3	3	55	342	267				
2688	00	34	-18	1	0	1	3	2	0	62	342							
2689	01	34	-19	1	45	1	5	5	391	99	175	214	342					
2689	02	34	-19	1	45	1	3	3	216	97	402							
2690	01	34	-19	1	999	1	10	10	150	123	51	130	149	342	150	123	387	342
2690	02	34	-19	1	999	9	1	0	0									
2691	00	34	-19	1	13	1	5	5	391	99	112	197	342					
2692	00	34	-22	1	13	1	3	3	391	391	342							
2693	00	8	0	1	13	1	4	3	150	123	*301	0						
2694	00	7	7	1	13	1	7	7	17	303	99	65	67	342	1			
2695	00	6	2	1	13	1	3	3	205	112	342							
2696	01	6	2	1	65	1	2	2	150	123								
2696	02	6	2	1	65	1	4	4	100	17	81	342						
2697	00	6	1	1	0	1	6	6	104	169	98	121	87	342				
2698	00	6	1	1	13	1	2	2	104	15								
2699	00	8	0	1	0	1	3	3	389	342	91							
2700	00	7	-2	1	13	1	5	5	87	59	*072	334	*342					
2701	00	6	-1	1	45	1	6	6	398	402	99	387	216	*254		
2702	00	7	-1	1	13	1	4	4	155	402	3	176				
2704	00	7	-1	1	13	3	1	1	224							
2705	00	31	-18	1	13	1	2	2	109	162						
2706	00	31	-18	1	31	1	5	5	267	402	87	294	342			
2802	10	7	2	2	15	1	8	8	17	38	176	51	130	*109	245	*245
2802	29	7	2	2	740	0	0	0								
2802	39	7	2	2	770	0	0	0								
2804	10	7	-1	2	13	1	2	2	397	162						
2804	20	7	-1	2	251	1	2	2	397	162						
2805	10	32	-4	2	730	1	4	4	*086	325	*347	342				
2805	29	32	-4	2	181	0	0	0								
2805	39	32	-4	2	800	0	0	0								
2806	10	32	-5	2	974	1	2	2	244	342						
2806	29	32	-5	2	420	0	0	0								
2807	10	33	0	2	351	1	2	2	336	321						
2807	20	33	0	2	0	1	4	4	202	294	336	321
2808	10	32	-7	2	113	1	2	2	409	96		
2808	20	32	-7	2	11	9	1	0	0			
2808	30	32	-7	2	41	9	1	0	0			
2808	40	32	-7	2	135	9	1	0	0			
2808	59	32	-7	2	972	0	0	0				
2808	69	32	-7	2	972	0	0	0				
2809	10	32	-4	2	0	1	3	3	245	336	252	
2809	20	32	-4	2	0	1	3	3	245	336	252	
2809	30	32	-4	2	0	9	1	0	0			
2810	10	32	-11	2	0	3	1	1	214			
2810	20	32	-11	2	0	1	4	4	178	389	15	176
2812	10	32	-6	2	0	3	1	1	214			
2812	20	32	-6	2	0	1	4	4	178	389	15	176
2813	10	32	-6	2	974	1	2	2	244	342		
2813	29	32	-6	2	420	0	0	0				
2814	10	32	-9	2	974	1	2	2	244	342					
2814	29	32	-9	2	420	0	0	0							
2815	10	32	-2	2	444	1	5	5	45	95	328	2	176		
2815	29	32	-2	2	750	0	0	0							
2818	10	31	-6	2	0	1	7	7	41	137	249	65	67	342	1
2818	29	31	-6	2	973	0	0	0							
2819	10	31	-7	2	650	1	2	2	326	*342					
2819	20	31	-7	2	255	1	2	2	326	342					
2819	30	31	-7	2	320	1	2	2	326	342					
2820	10	33	0	2	0	1	7	7	41	137	249	65	67	342	1
2820	29	33	0	2	973	0	0	0							
2821	10	31	-10	2	0	1	3	3	65	48	342				
2821	29	31	-10	2	13	0	0	0							
2822	10	31	-8	2	999	2	3	2	0	342	176				
2822	29	31	-8	2	117	0	0	0							
2824	10	33	0	2	974	9	2	1	0	342					
2824	29	33	0	2	420	0	0	0								
2825	10	33	0	2	0	1	7	7	41	137	249	65	67	342	1	
2825	29	33	0	2	973	0	0	0								
2826	00	31	-10	2	13	1	8	8	182	186	267	99	53	59	155	211
2827	10	31	-6	2	660	3	1	1	417							
2827	20	31	-6	2	0	3	1	1	342							
2830	10	31	-10	2	0	1	5	5	53	171	59	342	176			
2830	29	31	-10	2	971	0	0	0								
2831	00	31	-11	2	0	1	3	2	0	149	342					
2835	10	31	-9	2	50	1	2	2	201	277						
2835	20	31	-9	2	0	1	5	5	67	387	194	342	176			
2835	39	31	-9	2	630	0	0	0								
2836	10	31	-11	2	251	1	2	2	336	321						
2836	20	31	-11	2	251	1	2	2	336	321						
2837	00	31	-9	2	13	1	5	4	267	99	98	102	0			
2839	10	31	-10	2	0	1	7	7	41	137	249	65	67	342	1	
2839	29	31	-10	2	973	0	0	0									
2841	10	31	-19	2	610	3	1	1	15								
2841	29	31	-19	2	221	0	0	0									
2842	10	31	-16	2	0	1	5	4	201	277	*204	*086	0				
2842	29	31	-16	2	570	0	0	0									
2842	39	31	-16	2	363	0	0	0									
2843	10	31	-18	2	0	1	6	6	201	277	*204	*086	342	106			
2843	29	31	-18	2	570	0	0	0									
2843	39	31	-18	2	363	0	0	0									
2844	10	31	-17	2	121	1	3	3	336	321	176						
2844	20	31	-17	2	999	1	5	4	67	87	59	403	0				
2845	00	31	-13	2	0	1	4	3	267	99	67	0					
2846	10	31	-16	2	0	1	6	6	225	123	387	342	9	45			
2846	20	31	-16	2	412	1	2	2	383	341							
2847	10	31	-17	2	0	1	9	9	386	53	48	342	12	328	328	328	162
2847	20	31	-17	2	0	1	7	7	137	155	343	10	81	403	87		
2847	30	31	-17	2	0	1	10	10	343	294	328	391	87	112	294	171	8	342
2848	10	31	-13	2	0	1	4	4	67	8	342	176						
2848	29	31	-13	2	999	0	0	0										
2849	10	31	-23	2	251	1	2	2	336	321								
2849	20	31	-23	2	251	1	2	2	336	321								
2851	10	31	-19	2	0	1	7	6	100	402	342	287	0	287	283			
2851	20	31	-19	2	137	1	3	3	325	347	342							
2852	10	31	-19	2	45	1	2	2	65	211								
2852	20	31	-19	2	11	1	4	4	98	319	51	130						
2852	30	31	-19	2	95	1	3	3	245	342	1							
2854	10	31	-14	2	111	3	1	1	63									
2854	29	31	-14	2	111	0	0	0										
2855	10	31	-17	2	0	1	7	6	100	402	342	287	0	287	283			
2855	20	31	-17	2	137	1	3	2	325	347	0							
2855	30	31	-17	2	351	9	1	0	0									
2856	00	31	-15	2	13	1	2	2	102	15								
2857	10	31	-17	2	113	1	2	2	409	96								
2857	20	31	-17	2	11	9	1	0	0									
2857	30	31	-17	2	41	9	1	0	0									
2857	40	31	-17	2	999	9	1	0	0									
2857	59	31	-17	2	972	0	0	0										
2857	69	31	-17	2	972	0	0	0										
2858	00	31	-21	2	13	1	2	2	104	162								
2860	10	31	-13	2	11	1	10	10	327	303	245	245	125	59	99	17	134	86
2860	29	31	-13	2	431	0	0	0										
2861	10	31	-14	2	0	1	5	5	35	63	129	233	277					
2861	20	31	-14	2	0	1	5	5	67	389	194	342	*176					
2861	39	31	-14	2	988	0	0	0										
2862	00	31	-17	2	13	1	2	2	102	15								
2863	10	31	-14	2	0	1	6	6	267	99	67	403	87	342				
2863	29	31	-14	2	490	0	0	0										
2864	10	31	-15	2	361	1	4	4	171	8	342	176						
2864	20	31	-15	2	361	1	4	3	171	8	342	0			
2865	10	31	-18	2	0	1	4	3	267	99	386	0			
2865	29	31	-18	2	470	0	0	0							
2866	10	31	-18	2	0	1	5	5	35	63	129	233	277		
2866	20	31	-18	2	0	1	5	5	67	389	194	342	*176		
2866	39	31	-18	2	988	0	0	0							
2867	00	31	-13	2	31	1	5	5	391	99	249	162	342		
2868	10	31	-20	2	71	1	3	3	216	254	176				
2868	29	31	-20	2	431	0	0	0							
2901	10	31	-6	5	0	3	1	1	363						
2901	20	31	-6	5	0	1	7	7	59	112	194	18	211	87	169
2902	10	31	-11	5	0	3	1	1	405						
2902	20	31	-11	5	0	1	5	5	102	59	249	169	342		
2903	10	31	-10	5	0	3	1	1	*362						
2903	20	31	-10	5	0	1	7	7	389	407	124	169	373	287	342
2904	11	31	-8	5	0	1	4	3	0	*171	8	342			
2904	12	31	-8	5	0	1	4	4	171	59	407	169			
2904	29	31	-8	5	860	0	0	0							
2905	10	31	-12	5	0	1	4	4	89	328	287	319			
2905	20	31	-12	5	0	1	4	4	87	59	48	342			
2906	10	31	-10	5	0	1	4	4	89	328	287	319			
2906	20	31	-10	5	0	1	4	4	87	59	48	342			
2907	10	31	-10	5	0	1	4	4	65	*072	62	342			
2907	29	31	-10	5	111	0	0	0							
2908	10	31	-10	5	0	1	4	4	112	194	327	342			
2908	29	31	-10	5	290	0	0	0							
2909	10	31	-3	5	0	1	4	4	204	245	358	342			
2909	29	31	-3	5	145	0	0	0							
2910	10	31	-7	5	0	1	5	5	53	67	407	124	169		
2910	29	31	-7	5	101	0	0	0							
2911	10	31	-5	5	0	1	7	7	70	112	194	18	211	87	169
2911	29	31	-5	5	139	0	0	0							
2912	10	31	-7	5	0	1	4	4	389	72	48	342				
2912	20	31	-7	5	135	1	3	3	249	169	342					
2913	10	31	-6	5	0	1	4	4	87	59	348	342				
2913	29	31	-6	5	251	0	0	0								
2914	10	31	-9	5	0	1	7	7	389	407	124	169	373	287	342	
2914	29	31	-9	5	520	0	0	0								
2915	10	31	-17	5	0	1	4	4	204	245	358	342				
2915	29	31	-17	5	147	0	0	0								
2916	10	31	-15	5	0	1	8	8	345	341	18	252	97	25	245	245
2916	29	31	-15	5	15	0	0	0								
2917	10	31	-19	5	0	1	6	6	102	190	48	8	342	373		
2917	29	31	-19	5	139	0	0	0								
2918	10	31	-14	5	0	3	1	1	*051							
2918	20	31	-14	5	0	1	7	7	53	70	336	89	294	8	342	
2919	10	31	-15	5	0	3	1	1	*267							
2919	20	31	-15	5	0	3	1	1	*348							
2920	10	31	-15	5	0	1	8	8	*295	87	97	252	97	25	245	245
2920	29	31	-15	5	290	0	0	0								
2921	10	31	-17	5	0	3	1	1	96							
2921	20	31	-17	5	0	1	2	2	348	342						
2923	10	31	-24	6	0	4	7	6	0	252	261	134	*098	391	*391	
2923	20	31	-24	6	0	4	5	5	387	12	104	106	312			
2924	00	31	-24	6	0	2	4	4	108	342	1	375				
2925	10	31	-24	6	0	1	7	7	163	252	261	134	*098	391	391	
2925	20	31	-24	6	0	4	2	2	108	315						
2926	00	31	-24	6	0	4	2	2	104	110						
2928	00	31	-18	6	0	5	2	2	104	104						
2929	10	32	-8	4	0	3	1	1	69							
2929	20	32	-8	4	0	2	2	2	104	162						
2929	30	32	-8	4	0	1	4	4	87	343	97	169				
2930	10	32	-6	4	0	1	5	5	293	123	345	98	174			
2930	20	32	-6	4	0	2	4	4	267	99	48	342				
2931	10	31	-12	4	0	1	2	2	87	343			
2931	20	31	-12	4	0	1	2	2	90	86			
2934	00	31	-18	4	0	3	1	1	162				
2935	00	31	-19	4	0	1	3	3	*124	25	342		
2936	10	31	-18	4	0	9	1	0	0				
2936	20	31	-18	4	0	1	2	2	169	345			
2936	30	31	-18	4	0	1	5	5	134	86	65	*135	*342
2937	00	31	-22	2	0	1	3	3	375	375	342		
2938	10	31	-9	4	0	1	2	2	409	96			
2938	29	31	-9	4	870	0	0	0					
2939	00	6	1	4	0	1	2	2	403	87			
2940	00	33	0	7	981	1	5	5	384	384	307	342	176
2941	00	33	0	7	0	1	4	4	86	347	342	176	
2942	10	33	0	7	984	1	3	3	6	267	99		
2942	29	33	0	7	985	0	0	0					
2943	10	33	0	7	983	1	4	3	0	347	342	176	
2943	29	33	0	7	831	0	0	0					
2944	10	31	-16	7	984	1	3	3	178	389	*015		
2944	29	31	-16	7	985	0	0	0					
2945	00	31	-20	7	981	1	2	2	104	169			
2946	00	31	-21	7	982	1	5	5	67	386	194	342	176
2947	00	31	-18	7	982	1	5	5	67	386	194	342	176
2948	10	33	0	7	986	1	4	3	0	250	15	176	
2948	29	33	0	7	986	0	0	0					
2949	10	33	0	7	831	5	3	3	162	162	162		
2949	29	33	0	7	831	0	0	0					
2949	39	33	0	7	831	0	0	0					
2950	10	33	0	7	831	5	4	4	162	162	162	162	
2950	29	33	0	7	831	0	0	0					
2950	39	33	0	7	831	0	0	0					
2951	10	31	-15	9	0	1	3	3	*171	8	342		
2951	29	31	-15	9	832	0	0	0					
2952	10	33	0	9	0	1	2	2	287	319							
2952	20	33	0	9	0	1	5	4	267	99	109	124	0				
3001	00	1	0	1	13	1	5	5	336	162	100	86	15				
3002	00	1	0	1	13	1	4	4	391	99	*080	342					
3010	00	30	0	1	0	1	4	3	102	287	375	0					
3015	00	33	0	1	13	3	1	1	40								
3016	00	33	0	1	13	1	8	8	290	290	343	67	65	336	89	211	
3019	00	33	0	1	0	1	3	3	178	389	15						
3020	00	33	0	1	13	3	1	1	*040								
3021	00	33	0	1	13	1	6	6	87	162	97	104	287	15			
3022	00	33	0	1	13	1	5	5	161	202	409	336	342				
3023	00	33	0	1	13	1	2	2	292	342							
3024	00	33	0	1	351	9	2	1	0	342							
3028	00	33	0	1	351	1	5	4	0	197	343	104	162				
3031	00	33	0	1	13	1	9	9	397	307	268	402	99	72	249	162	342
3032	00	33	0	1	351	9	2	1	0	332							
3035	00	33	0	1	0	1	3	2	0	*409	96			
3036	00	33	0	1	13	1	2	2	341	12				
3037	00	33	0	1	0	1	3	2	0	8	342			
3038	00	33	0	1	0	3	1	1	*015					
3039	00	33	0	1	13	1	6	6	267	99	86	103	403	342
3041	00	33	0	1	13	9	2	1	*080	0				
3042	00	33	0	1	13	1	6	5	267	99	87	59	194	0
3044	00	33	0	1	0	1	5	5	391	99	98	296	342	
3051	00	33	0	1	351	9	2	1	0	342				
3052	00	33	0	1	0	1	4	3	17	261	86	0		
3056	00	33	0	1	351	9	2	1	0	342				
3058	00	33	0	1	351	1	3	2	0	345	319			
3060	00	33	0	1	71	1	6	6	*343	329	99	171	59	211
3063	00	33	0	1	0	1	3	2	171	59	0			
3064	00	33	0	1	11	1	2	2	124	342				
3066	00	33	0	1	0	1	4	3	0	*001	*209	342		
3067	00	33	0	1	13	1	7	7	186	125	59	391	97	59	211
3068	00	33	0	1	13	1	4	4	216	123	222	254			
3069	00	33	0	1	351	1	3	3	150	123	342				
3070	00	33	0	1	45	1	2	2	65	68					
3072	00	33	0	1	13	9	2	1	*059	0					
3074	00	33	0	1	13	1	4	4	65	67	59	211			
3075	00	33	0	1	13	1	2	2	86	15					
3078	10	33	0	1	11	1	4	4	48	336	51	342			
3078	20	33	0	1	0	1	2	2	112	162					
3079	00	33	0	1	0	1	3	3	205	102	190				
3080	01	33	0	1	31	9	1	0	0						
3080	02	33	0	1	31	3	1	1	393						
3081	00	33	0	1	13	1	2	2	89	12					
3083	00	33	0	1	13	1	6	6	18	162	99	25	84	12	
3085	00	33	0	1	13	1	7	7	197	28	343	86	124	25	342
3086	00	33	0	1	0	1	4	3	0	9	342	1			
3087	00	33	0	1	13	1	8	8	54	180	99	387	48	17	406	162		
3088	00	33	0	1	0	1	6	6	391	99	98	25	245	245				
3089	00	33	0	1	13	1	8	8	415	125	59	99	65	67	53	342		
3090	00	33	0	1	13	1	6	6	267	99	72	97	347	342				
3091	00	35	0	1	13	1	5	5	391	123	387	72	211					
3092	00	35	0	1	13	1	3	3	284	14	176							
3093	00	35	0	1	13	1	5	5	215	343	319	249	*342					
3094	00	35	0	1	13	1	7	7	323	245	344	51	130	149	342			
3095	00	35	0	1	0	1	2	2	326	15								
3096	00	35	0	1	0	1	7	7	267	99	53	72	112	197	342			
3097	00	35	0	1	13	1	6	6	153	233	59	99	387	71				
3098	00	35	0	1	13	1	4	4	293	123	209	381						
3099	00	35	0	1	13	1	4	4	391	99	102	162						
3100	00	35	0	1	0	1	10	10	18	240	197	252	97	389	87	59	342	139
3102	00	35	0	1	0	1	5	5	65	359	341	342	1					
3103	00	35	0	1	13	1	3	3	171	59	211							
3104	00	35	0	1	13	1	7	7	203	343	87	59	8	342	1							
3105	00	34	0	1	13	1	5	5	17	293	197	336	249									
3106	10	36	0	1	13	1	5	5	205	261	99	387	68									
3106	20	36	0	1	13	1	5	5	205	261	99	387	68									
3107	00	36	0	1	0	1	14	14	341	309	267	99	389	72	102	287	373	287	342	145	407	169
3108	01	36	0	1	13	1	6	6	293	123	344	48	342	1								
3108	02	36	0	1	13	1	2	2	398	149												
3109	00	36	0	1	13	1	10	10	89	245	245	223	99	70	336	89	178	180				
3110	00	36	0	1	13	1	8	8	186	293	99	387	336	89	347	342						
3111	00	36	0	1	13	1	5	5	267	99	387	162	375									
3112	00	36	0	1	13	1	4	4	218	343	87	60										
3113	00	36	0	1	13	1	4	4	180	123	72	211										
3114	00	36	0	1	45	1	6	5	0	109	59	247	342	224								
3115	00	36	0	1	71	1	5	5	264	302	253	230	342									
3116	00	36	0	1	13	1	5	5	65	87	332	58	342									
3118	00	36	0	1	13	1	4	4	215	87	50	342										
3119	00	36	0	1	13	1	7	6	143	245	233	59	70	0	342
3120	00	36	0	1	0	1	6	6	65	67	51	130	149	342	
3121	00	36	0	1	95	1	5	5	267	99	67	48	342		
3122	00	36	0	1	113	1	4	4	48	336	89	211			
3123	00	2	-7	1	0	9	3	1	0	244	0				
3132	00	18	0	1	0	2	3	3	102	59	342				
3143	00	8	0	1	0	1	3	2	0	194	342				
3144	00	8	0	1	0	1	3	2	0	*017	169				
3145	00	8	0	1	999	1	4	4	386	171	59	211			
3147	00	33	0	1	13	3	1	1	40						
3151	00	37	0	1	31	1	7	7	87	186	177	99	72	127	342
3152	00	37	0	1	12	2	2	2	387	342					
3153	00	37	0	1	13	1	7	7	387	267	99	336	89	135	342
3154	00	37	0	1	13	1	4	4	253	230	358	342			
3155	01	37	0	1	11	2	4	4	121	342	391	99			
3155	02	37	0	1	11	3	1	1	397						
3156	00	37	0	1	0	1	6	6	65	336	89	373	287	342	
3157	00	38	0	1	31	3	1	1	60						
3158	00	38	0	1	13	1	3	3	109	245	245				
3159	00	38	0	1	13	1	3	3	104	162	176				
3160	00	38	0	1	13	1	7	7	267	99	70	72	336	89	211
3161	00	38	0	1	0	1	6	6	53	87	59	127	358	342	
3162	00	39	0	1	0	1	5	4	0	*065	72	222	254		
3163	00	39	0	1	61	1	2	2	327	293					
3164	00	39	0	1	13	1	7	7	267	99	87	59	192	347	342
3165	00	39	0	1	13	1	4	4	67	204	155	211			
3202	00	25	0	2	0	1	4	3	150	123	*081	0			
3203	00	30	0	2	0	9	2	1	109	0					
3206	10	33	0	2	0	1	7	7	41	137	249	65	67	342	1
3206	29	33	0	2	973	0	0	0							
3207	00	33	0	2	974	9	2	1	0	342					
3209	10	33	0	2	0	1	7	7	*041	137	249	65	67	342	*001
3209	29	33	0	2	973	0	0	0							
3213	00	33	0	2	0	2	3	3	87	59	342				
3215	10	33	-16	2	974	9	2	1	0	342					
3215	29	33	-16	2	420	0	0	0							
3216	10	33	0	2	0	1	7	7	41	137	249	65	67	342	1
3216	29	33	0	2	973	0	0	0							
3217	00	33	0	2	13	1	5	5	199	99	106	287	342		
3218	00	33	0	2	0	2	3	3	102	59	342				
3219	10	33	0	2	0	1	3	2	0	347	342				
3219	29	33	0	2	560	0	0	0							
3220	10	33	0	2	0	1	7	7	41	137	249	65	67	342	1
3220	29	33	0	2	973	0	0	0							
3221	00	33	-19	2	0	1	4	3	336	150	*123	0			
3222	00	33	0	2	0	1	7	7	41	137	249	65	67	342	1
3223	00	33	0	2	0	1	3	3	373	8	342				
3224	10	33	0	2	444	1	5	5	45	95	328	2	176		
3224	29	33	0	2	750	0	0	0							
3225	10	33	0	2	974	1	2	2	244	342					
3225	29	33	0	2	420	0	0	0							
3226	10	33	0	2	974	1	2	2	244	342					
3226	29	33	0	2	420	0	0	0							
3227	10	33	0	2	974	9	2	1	0	342					
3227	29	33	0	2	420	0	0	0							
3228	10	33	0	2	974	1	2	2	244	342					
3228	29	33	0	2	420	0	0	0							
3230	10	33	0	2	444	1	5	5	45	95	328	2	176		
3230	29	33	0	2	750	0	0	0							
3232	10	33	0	2	0	1	7	7	267	99	54	54	171	8	342
3232	20	33	0	2	0	1	6	6	175	230	53	294	342	176	
3233	10	33	0	2	0	1	5	3	0	336	89	249	0		
3233	29	33	0	2	111	0	0	0							
3234	10	35	0	2	45	1	4	4	28	326	328	283			
3234	20	35	0	2	0	1	6	6	197	132	345	387	135	342		
3235	10	35	0	2	11	1	8	7	327	303	245	245	125	59	99	0
3235	29	35	0	2	431	0	0	0								
3236	00	36	0	2	0	2	3	3	345	104	169					
3237	00	36	0	2	0	1	3	2	336	249	0					
3238	10	18	0	2	0	1	2	2	48	342						
3238	29	18	0	2	999	0	0	0								
3239	10	39	0	2	0	1	6	6	*059	336	89	249	169	342		
3239	29	39	0	2	111	0	0	0								
3242	00	22	0	2	0	1	3	2	87	*162	0					
3243	10	22	-6	2	0	1	3	2	0	2	12					
3243	29	22	-6	2	211	0	0	0								
3244	00	38	0	2	0	1	3	3	375	375	342					
3245	00	38	0	2	0	2	2	2	102	15						
3246	10	38	0	2	0	1	8	8	387	102	59	342	375	375	342	1
3246	29	38	0	2	365	0	0	0								
3246	39	38	0	2	870	0	0	0							
3247	00	39	0	2	0	1	3	2	373	48	0				
3248	10	39	0	2	0	1	2	2	391	341					
3248	20	39	0	2	0	1	3	3	59	35	176				
3249	10	39	0	2	0	1	5	5	53	171	59	342	176		
3249	29	39	0	2	971	0	0	0							
3251	00	38	0	4	0	1	3	3	41	245	342				
3252	00	38	0	4	0	1	3	3	182	293	342				
3253	00	38	0	4	0	1	3	3	*059	*155	*135				
3301	10	24	0	5	0	1	6	6	102	190	48	8	342	373	
3301	29	24	0	5	137	0	0	0							
3302	10	25	0	5	0	2	3	3	336	89	87				
3302	20	25	0	5	0	1	3	3	72	194	169				
3303	10	30	0	5	0	1	7	7	70	112	194	18	211	87	169
3303	29	30	0	5	139	0	0	0							
3304	10	30	0	5	0	1	7	7	65	336	89	407	169	183	169
3304	29	30	0	5	163	0	0	0							
3305	10	30	0	5	0	1	7	7	*059	112	194	18	211	87	169
3305	29	30	0	5	139	0	0	0							
3306	10	30	0	5	0	1	4	4	204	245	358	342			
3306	29	30	0	5	147	0	0	0							
3307	00	30	0	5	0	1	5	5	*070	*051	130	149	342		
3309	00	30	0	5	0	9	2	1	0	174					
3310	00	30	0	5	0	1	3	2	389	*407	0				
3312	10	33	0	5	0	1	7	7	65	336	89	407	169	183	169
3312	29	33	0	5	163	0	0	0							
3313	10	33	0	5	0	3	1	1	346						
3313	20	33	0	5	0	2	4	4	389	72	326	342			
3314	10	33	0	5	0	1	4	4	204	245	358	342			
3314	29	33	0	5	147	0	0	0							
3315	10	31	-3	5	0	3	1	1	362						
3315	20	31	-3	5	0	1	7	7	389	407	124	169	373	287	342
3316	10	33	0	5	0	1	8	8	295	87	97	252	97	25	245	245
3316	29	33	0	5	290	0	0	0								
3317	10	33	0	5	0	1	4	4	65	72	62	342				
3317	29	33	0	5	111	0	0	0								
3318	11	33	0	5	0	1	6	6	267	402	97	25	245	245		
3318	12	33	0	5	0	1	4	4	65	72	62	342				
3318	29	33	0	5	111	0	0	0								
3319	10	33	0	5	0	1	2	2	287	319						
3319	20	33	0	5	0	1	4	3	0	342	67	138				
3320	10	33	0	5	0	1	2	2	287	319						
3320	20	33	0	5	0	1	6	6	201	99	48	342	67	138		
3321	10	33	0	5	0	1	4	4	112	194	327	342				
3321	29	33	0	5	290	0	0	0								
3322	10	33	0	5	0	1	5	5	53	67	407	124	169			
3322	29	33	0	5	141	0	0	0								
3323	10	33	0	5	0	1	4	4	389	72	326	342				
3323	29	33	0	5	135	0	0	0							
3325	00	33	0	5	0	1	4	2	0	51	0	342			
3326	10	33	0	5	0	1	6	4	0	336	89	407	169	0	
3326	29	33	0	5	163	0	0	0							
3328	10	33	0	5	0	1	5	5	336	89	296	342	98		
3328	29	33	0	5	75	0	0	0							
3329	10	33	0	5	0	1	4	2	0	149	342	0			
3329	29	33	0	5	351	0	0	0							
3331	10	33	0	5	0	1	7	7	65	336	89	407	169	183	169
3331	29	33	0	5	163	0	0	0							
3332	10	33	0	5	0	1	5	5	53	67	407	124	169		
3332	29	33	0	5	101	0	0	0							
3333	00	33	0	5	0	1	3	2	*295	87	0				
3334	10	33	0	5	0	3	1	1	184						
3334	20	33	0	5	0	1	3	3	204	245	342				
3335	10	33	0	5	0	2	3	3	336	89	*087				
3335	20	33	0	5	0	1	3	3	72	194	169					
3336	10	33	0	5	0	1	5	5	336	89	296	342	98			
3336	29	33	0	5	75	0	0	0								
3337	00	33	0	5	0	1	7	7	65	336	89	407	169	183	169	
3339	10	33	0	5	0	1	4	4	204	245	358	342				
3339	29	33	0	5	145	0	0	0								
3340	10	33	0	5	0	1	4	2	0	194	0	342				
3340	29	33	0	5	290	0	0	0								
3341	10	33	0	5	0	1	4	4	204	245	358	342				
3341	29	33	0	5	147	0	0	0								
3342	10	33	0	5	0	1	4	4	204	245	358	342				
3342	29	33	0	5	147	0	0	0								
3343	10	33	0	5	0	3	1	1	346							
3343	20	33	0	5	0	1	4	4	389	72	326	342				
3344	10	33	0	5	0	1	8	8	295	87	97	252	97	25	245	245
3344	29	33	0	5	290	0	0	0								
3345	10	33	0	5	0	1	4	4	389	72	48	342				
3345	29	33	0	5	135	0	0	0								
3346	00	33	0	5	0	1	4	4	389	72	48	342				
3347	11	33	0	5	0	1	4	4	*298	99	104	169				
3347	12	33	0	5	0	1	8	8	295	87	97	252	97	25	245	245
3347	29	33	0	5	290	0	0	0								
3349	10	33	0	5	0	1	4	3	336	89	0	342				
3349	29	33	0	5	75	0	0	0								
3350	10	33	0	5	0	1	4	4	171	59	407	169				
3350	29	33	0	5	860	0	0	0								
3351	10	33	0	5	0	1	4	4	102	59	8	342				
3351	29	33	0	5	45	0	0	0								
3352	10	33	0	5	0	1	4	4	171	59	407	169				
3352	29	33	0	5	860	0	0	0								
3353	10	33	0	5	0	1	4	4	204	245	358	342				
3353	29	33	0	5	147	0	0	0								
3354	10	33	0	5	0	1	7	7	65	*336	*089	407	169	183	169
3354	29	33	0	5	163	0	0	0							
3355	10	33	0	5	0	1	7	7	65	336	89	407	169	183	169
3355	29	33	0	5	163	0	0	0							
3356	10	33	0	5	0	1	4	4	336	89	296	342			
3356	29	33	0	5	75	0	0	0							
3357	10	25	0	5	0	1	6	6	102	190	48	8	342	373	
3357	29	25	0	5	139	0	0	0							
3358	10	36	0	5	0	1	7	7	389	407	124	169	373	287	342
3358	29	36	0	5	520	0	0	0							
3359	10	36	0	5	0	1	4	4	204	245	358	342			
3359	29	36	0	5	145	0	0	0							
3360	10	36	0	5	0	3	1	1	363						
3360	20	36	0	5	0	2	7	7	59	112	194	18	211	87	169
3361	10	36	0	5	0	1	4	4	204	245	358	342			
3361	29	36	0	5	145	0	0	0							
3362	10	36	0	5	0	1	8	8	345	341	18	252	97	25	245	245
3362	29	36	0	5	15	0	0	0								
3363	10	36	0	5	0	1	6	6	102	190	48	8	342	373		
3363	29	36	0	5	139	0	0	0								
3364	10	28	0	5	0	2	3	3	336	89	87					
3364	20	28	0	5	0	1	3	3	72	194	169					
3365	00	28	0	5	0	1	7	7	389	407	124	169	373	287	342	
3367	00	28	0	5	0	1	4	2	0	59	*407	0				
3368	10	28	0	5	0	1	5	5	336	89	296	342	98			
3368	29	28	0	5	75	0	0	0								
3369	10	28	-3	5	0	1	7	7	389	407	124	169	373	287	342	
3369	29	28	-3	5	520	0	0	0								
3371	10	18	0	5	0	1	4	4	204	245	358	342				
3371	29	18	0	5	147	0	0	0								
3372	10	18	0	5	0	1	5	5	53	67	407	124	169			
3372	29	18	0	5	141	0	0	0								
3373	10	18	0	5	0	1	7	7	59	112	194	18	211	87	169
3373	29	18	0	5	139	0	0	0							
3374	10	18	0	5	0	1	5	5	53	67	407	124	169		
3374	29	18	0	5	141	0	0	0							
3375	10	18	0	5	0	3	1	1	*364						
3375	20	18	0	5	0	2	5	4	0	18	211	87	169		
3376	00	18	0	5	0	1	7	7	389	407	124	169	373	287	342
3378	10	17	-3	5	0	1	3	3	245	184	252				
3378	29	17	-3	5	143	0	0	0							
3379	10	17	-4	5	0	1	4	4	204	245	358	342			
3379	29	17	-4	5	147	0	0	0							
3381	10	15	0	5	0	1	7	7	65	336	89	407	169	183	169
3381	29	15	0	5	163	0	0	0							
3383	10	5	0	5	0	1	4	3	102	190	48	0			
3383	29	5	0	5	137	0	0	0							
3384	10	5	0	5	0	1	7	7	65	336	89	407	169	183	169
3384	29	5	0	5	163	0	0	0								
3385	10	5	0	5	0	1	7	7	389	407	124	169	373	287	342	
3385	29	5	0	5	520	0	0	0								
3386	10	8	0	5	0	1	4	4	204	245	358	342				
3386	29	8	0	5	145	0	0	0								
3387	10	8	0	5	0	1	7	7	389	407	124	169	373	287	342	
3387	29	8	0	5	520	0	0	0								
3388	00	22	0	5	0	1	4	4	336	89	296	342				
3390	00	20	-5	5	0	1	5	5	336	89	296	342	98			
3391	10	20	0	5	0	1	3	3	87	155	169					
3391	29	20	0	5	45	0	0	0								
3392	10	20	-6	5	0	1	4	4	336	89	296	342				
3392	29	20	-6	5	75	0	0	0								
3393	10	22	0	5	0	1	8	8	345	341	18	252	97	25	245	245
3393	29	22	0	5	290	0	0	0								
3395	00	22	0	5	0	1	4	4	*389	72	326	342				
3396	00	22	0	5	0	1	7	7	389	*065	72	336	89	194	169	
3398	10	20	0	5	0	3	1	1	184							
3398	20	20	0	5	0	1	3	3	204	245	342					
3401	00	20	0	5	0	1	8	8	*345	*341	*018	252	97	25	245	245
3403	10	22	0	5	0	1	4	4	*204	245	358	342				
3403	29	22	0	5	145	0	0	0								
3404	10	39	0	5	0	1	4	4	204	245	358	342				
3404	29	39	0	5	145	0	0	0								
3405	10	39	0	5	0	1	4	4	389	72	326	342				
3405	29	39	0	5	135	0	0	0								
3406	10	39	0	5	0	1	7	5	0	407	124	169	0	287	342	
3406	29	39	0	5	520	0	0	0								
3407	00	39	0	5	0	1	4	3	345	341	18	0				
3410	00	39	0	5	0	9	2	1	389	0						
3413	10	39	0	5	0	1	8	7	0	341	18	252	97	25	245	245
3413	29	39	0	5	950	0	0	0								
3414	10	39	0	5	0	3	1	1	363						
3414	20	39	0	5	0	1	7	7	389	407	124	169	373	287	342
3415	11	39	0	5	0	1	6	6	267	402	97	25	245	245	
3415	12	39	0	5	0	1	4	4	65	72	62	342			
3415	29	39	0	5	113	0	0	0							
3501	00	33	0	7	984	1	3	3	387	135	342				
3502	00	33	0	7	984	1	3	3	48	342	176				
3503	00	33	0	7	0	1	4	2	0	178	389	0			
3504	00	33	0	7	0	1	3	3	386	216	342				
3505	00	38	0	7	987	1	7	7	216	*267	121	87	347	342	176
3506	00	39	0	7	982	1	6	3	0	216	403	0	347	0	
3507	00	39	0	7	985	1	4	3	0	403	344	98			
3508	00	39	0	7	987	1	3	2	65	387	0				
3509	00	39	0	7	984	2	4	2	0	121	347	0			
3510	00	25	0	9	0	1	2	2	244	407					
3511	00	30	0	9	0	1	2	2	366	406					
3512	00	33	0	9	0	1	4	4	188	302	78	202						
3513	00	33	0	9	0	3	1	1	403									
4001	00	47	-6	1	13	1	10	10	301	149	100	336	89	249	169	342	98	174
4002	00	40	-3	1	13	1	7	7	330	245	256	99	112	194	342			
4003	00	47	-5	1	13	1	8	8	323	323	28	114	*252	252	180	391		
4004	00	47	-5	1	13	1	8	8	300	17	293	87	326	54	336	293		
4005	00	42	-5	1	13	1	10	10	267	99	65	67	59	387	51	130	149	342
4006	00	47	-5	1	13	1	6	6	261	367	87	98	304	186				
4007	00	44	-4	1	13	9	2	1	150	0								
4008	00	47	-5	1	13	1	6	6	302	214	97	150	127	293				
4009	00	42	-5	1	13	1	2	2	112	59								
4010	00	40	-4	1	13	1	4	4	150	197	252	391						
4011	00	43	-15	1	13	1	3	2	267	*099	0							
4012	00	40	-9	1	13	1	7	7	245	245	127	345	48	342	71			
4013	00	41	-4	1	13	1	6	6	72	336	89	48	247	342				
4014	00	47	-6	1	13	1	10	10	245	245	344	387	53	171	59	*121	135	342
4015	00	56	-3	1	13	1	6	6	387	171	59	336	89	211				
4016	00	42	-5	1	13	1	7	7	391	97	53	67	70	327	342			
4017	00	40	-6	1	13	1	7	7	87	284	342	98	178	389	15			
4018	00	47	-6	1	13	1	2	2	296	342								
4019	00	43	-5	1	13	1	10	10	216	123	389	87	59	51	130	149	48	342
4020	00	48	-11	1	13	1	10	10	293	233	59	99	387	336	89	112	194	342
4021	00	40	-3	1	13	1	7	7	*267	*099	336	89	112	194	342			
4022	00	47	-6	1	13	1	9	9	267	99	389	65	72	222	254	124	169	
4023	00	40	-4	1	13	1	8	8	183	169	99	389	72	182	293	342		
4024	00	46	-5	1	13	1	4	4	75	180	391	252						
4025	00	47	-5	1	13	1	9	9	412	123	53	171	59	121	342	222	254	
4026	00	45	-7	1	13	1	5	5	216	123	67	342	139					
4027	00	40	0	1	13	1	6	5	0	389	171	59	294	375				
4028	00	42	-9	1	13	1	9	9	307	86	99	387	53	65	336	89	211	
4029	00	43	-12	1	13	1	2	2	387	15								
4030	00	42	-5	1	13	1	3	3	135	358	342							
4031	00	42	-13	1	13	1	2	2	228	342					
4032	00	43	-15	1	13	9	2	1	317	0					
4033	00	47	-7	1	13	1	4	4	102	17	8	342			
4034	00	47	-11	1	13	1	6	6	417	267	99	53	194	342	
4035	00	53	-4	1	13	1	5	5	267	99	9	342	1		
4036	00	53	-2	1	13	1	6	6	379	343	87	59	72	14	
4037	00	40	-9	1	13	1	6	6	*294	132	99	326	342	1	
4038	00	47	-8	1	13	1	3	2	56	28	0				
4039	00	45	-6	1	11	9	2	1	0	169					
4040	00	41	-8	1	13	1	4	4	244	336	*189	*252			
4042	00	46	-3	1	13	1	3	3	244	17	252				
4043	00	45	-7	1	11	1	5	5	391	99	9	342	1		
4044	00	41	-5	1	13	1	5	5	87	59	72	341	342		
4045	00	47	-3	1	13	1	7	7	261	174	244	252	99	59	*390
4046	00	42	-5	1	13	2	6	6	59	209	211	100	273	87	
4047	00	41	-6	1	13	1	5	5	116	169	48	8	342		
4049	00	44	-8	1	13	1	6	5	0	65	336	89	347	342	
4050	00	45	-3	1	13	1	3	3	197	267	402				
4051	00	40	-8	1	11	1	5	4	0	99	336	51	342		
4052	00	44	0	1	13	1	5	5	412	123	67	72	211		
4053	00	40	-11	1	13	1	4	3	267	99	*059	0			
4054	00	47	-4	1	13	1	3	2	86	124	0				
4055	00	44	-9	1	13	1	6	6	87	322	99	336	89	211	
4056	00	41	-7	1	11	1	6	6	150	123	53	67	72	211	
4057	00	42	-2	1	13	1	5	5	267	99	65	135	342		
4059	00	43	-15	1	13	1	3	2	0	75	12				
4060	00	40	-1	1	13	1	7	5	0	267	99	70	72	53	0
4061	00	44	-4	1	13	1	5	4	204	112	342	*067	0		
4067	00	43	-15	1	13	1	6	6	*175	180	99	153	153	342	
4069	00	47	-5	1	11	1	4	4	345	341	189	252			
4071	00	41	-18	1	11	1	5	5	391	99	87	59	*211		
4072	00	45	-10	1	13	1	7	7	319	379	402	97	65	53	342
4073	00	47	-8	1	13	1	6	6	267	99	102	59	347	12		
4074	00	43	-10	1	13	1	3	3	136	193	342					
4075	10	40	-12	1	13	1	7	7	267	99	87	155	249	162	342	
4075	20	40	-12	1	0	1	7	7	267	99	87	155	249	162	342	
4076	00	40	-5	1	13	1	4	4	65	182	293	342				
4077	00	41	-8	1	13	1	3	3	87	141	169					
4078	00	42	-5	1	13	1	5	5	391	97	67	127	342			
4079	00	57	-3	1	13	1	6	6	204	329	99	67	48	342		
4080	00	41	-8	1	13	1	5	5	267	99	*375	403	402			
4081	00	41	-4	1	13	1	8	8	121	65	336	89	389	102	287	342
4082	00	40	-9	1	13	1	7	7	335	162	343	67	249	162	342	
4083	00	43	-7	1	13	1	6	6	375	267	99	336	89	211		
4084	00	40	-7	1	13	1	7	7	102	287	329	343	67	8	342	
4085	00	40	-5	1	13	1	4	4	267	402	102	162				
4086	00	40	-2	1	13	1	2	2	122	14						
4087	00	44	-6	1	13	1	6	6	336	64	99	102	287	342		
4088	00	40	-4	1	13	1	5	5	267	99	65	359	342			
4089	00	42	-8	1	13	3	1	1	85							
4090	00	42	-16	1	13	1	5	5	267	99	67	244	342			
4091	00	47	-6	1	13	1	2	2	102	190						
4092	00	42	-6	1	13	1	5	5	267	99	70	222	254			
4093	00	46	-28	1	13	1	2	2	173	342						
4094	00	41	-6	1	13	1	3	3	119	87	342					
4095	00	42	-10	1	13	1	5	4	87	59	87	284	0			
4096	00	48	-9	1	13	1	3	3	215	194	267					
4097	00	47	-6	1	13	1	6	6	391	99	391	252	175	180		
4098	00	49	-12	1	13	1	5	3	0	1	343	67	0			
4099	00	47	-6	1	13	1	4	4	373	249	169	342				
4100	00	42	-11	1	13	1	6	5	87	249	53	99	48	0		
4101	00	44	-7	1	13	1	6	6	267	99	59	70	296	342		
4102	00	45	-6	1	13	1	5	4	0	99	341	8	342			
4103	00	52	-3	1	13	1	8	8	94	400	402	99	67	171	8	342
4104	00	53	-4	1	13	1	9	9	293	123	345	65	67	70	249	162	342
4105	00	40	-3	1	13	1	7	7	65	70	358	342	178	389	15		
4106	00	53	-6	1	13	1	7	7	121	121	171	123	67	348	342		
4107	00	42	-14	1	13	1	5	5	28	277	99	104	169				
4108	00	40	-3	1	13	1	5	4	0	99	87	294	342				
4109	00	44	-5	1	13	1	7	6	0	*186	343	28	249	169	342		
4110	00	40	-16	1	11	1	4	4	150	123	48	342					
4111	00	44	-7	1	13	1	7	6	0	343	70	72	249	162	342		
4112	00	44	-3	1	13	1	5	5	267	99	387	72	211				
4113	00	53	-1	1	13	1	5	5	27	345	72	53	342				
4114	00	49	-11	1	13	1	4	4	295	345	104	169					
4115	00	42	-16	1	13	1	2	2	86	250							
4116	00	47	-20	1	13	1	5	5	391	99	109	59	12				
4117	00	47	-3	1	13	1	4	4	267	99	65	388					
4118	00	42	-10	1	13	1	7	7	412	123	98	51	130	149	342		
4119	00	40	-9	1	13	1	9	9	267	99	53	182	293	112	197	342	176
4120	00	47	-9	1	13	1	3	3	25	245	245			
4121	00	41	-5	1	13	1	4	4	86	59	127	*249		
4122	00	53	-7	1	13	1	3	3	205	102	162			
4123	10	43	-14	1	0	1	5	5	384	99	205	245	342	
4123	20	43	-14	1	0	1	6	6	245	307	307	249	307	342
4123	39	43	-14	1	13	0	0	0						
4124	00	43	-10	1	13	1	2	2	77	342				
4125	00	42	-9	1	13	1	4	4	67	301	155	211		
4126	00	53	-6	1	13	1	4	4	267	99	102	162		
4127	00	43	-16	1	13	9	2	1	378	0				
4128	00	47	-9	1	13	1	4	4	102	17	8	342		
4129	00	44	-6	1	13	1	2	2	47	211				
4130	00	42	-6	1	13	1	4	4	170	75	245	245		
4131	00	53	-4	1	13	1	6	6	28	169	343	249	169	342
4132	00	49	-4	1	13	1	5	5	328	343	249	162	342	
4133	00	41	-8	1	13	1	4	4	102	216	245	245		
4134	00	44	-7	1	13	1	5	5	391	99	106	287	342		
4135	00	46	0	1	13	1	4	4	87	28	257	99			
4136	00	44	-11	1	13	1	3	2	0	206	12				
4137	00	40	-5	1	13	1	4	4	124	25	176	342			
4138	00	49	-14	1	13	1	4	4	103	403	347	342			
4139	00	40	-10	1	11	1	5	5	305	123	249	162	342		
4140	00	43	-15	1	13	1	3	3	67	72	204				
4141	00	41	-14	1	13	1	7	7	155	162	99	102	59	342	1
4142	00	47	-8	1	13	1	3	3	341	8	342				
4143	00	47	-8	1	13	1	4	4	87	59	342	1			
4144	00	40	-10	1	351	1	3	2	0	*002	12				
4145	00	41	-13	1	13	1	5	5	*086	124	25	176	342		
4146	00	43	-18	1	13	1	2	2	124	342					
4147	00	40	-12	1	13	1	5	5	328	343	89	294	342		
4148	00	44	-6	1	13	1	4	4	86	175	176	211			
4149	00	42	-13	1	11	1	3	2	0	59	211				
4150	00	40	-4	1	351	1	4	3	0	127	127	342			
4152	00	52	-2	1	11	1	6	6	391	99	100	287	194	342	
4153	00	43	-13	1	11	1	6	5	253	230	99	65	67	0	
4154	00	44	-10	1	11	1	4	3	267	99	72	0			
4155	00	44	-7	1	11	1	2	2	124	342					
4156	00	49	-5	1	13	1	3	3	*076	402	99				
4158	00	44	-11	1	11	9	2	1	*355	0					
4159	00	43	-15	1	13	1	4	3	391	99	87	0			
4160	00	44	-2	1	13	1	2	2	104	169					
4161	00	40	-13	1	13	1	4	4	249	162	342	176			
4162	00	41	-12	1	13	1	7	7	87	249	343	175	230	53	342
4163	00	52	-2	1	13	1	4	4	254	98	380	32			
4164	00	41	-10	1	13	1	5	5	102	59	342	1	176		
4165	00	41	-14	1	13	1	2	2	283	162					
4166	00	44	-6	1	13	1	2	2	86	15					
4167	00	49	-4	1	13	1	3	2	*087	0	342				
4168	00	40	-9	1	351	1	4	3	0	59	342	1	
4169	00	47	-9	1	351	1	3	2	0	294	375		
4170	00	57	-4	1	351	1	3	2	0	*149	342		
4171	00	40	-2	1	13	1	2	2	109	59			
4172	00	49	-16	1	351	1	5	3	0	*336	89	211	0
4176	00	45	0	1	11	1	4	3	391	99	67	0	
4177	00	43	-11	1	351	1	3	2	0	*002	12		
4178	00	49	-13	1	13	1	3	2	149	51	0		
4180	00	44	-5	1	13	1	3	2	173	99	0		
4181	00	56	-4	1	13	1	2	2	416	342			
4183	00	44	-5	1	13	9	2	1	267	0			
4185	00	57	-1	1	13	1	4	2	0	137	244	0	
4186	00	40	-20	1	13	1	4	2	0	99	301	0	
4188	00	40	-1	1	13	1	5	5	287	136	135	287	*342
4189	00	40	-11	1	351	1	5	4	0	72	204	112	342
4197	00	43	-10	1	351	9	2	1	0	*015			
4198	00	52	-3	1	11	1	3	2	0	53	342		
4204	01	40	-4	1	13	1	5	4	87	244	245	245	0
4204	02	40	-4	1	13	3	1	1	242				
4206	00	44	-5	1	13	9	3	1	0	102	0		
4207	00	45	-13	1	11	9	2	1	345	0			
4208	00	43	-15	1	11	9	2	1	301	0			
4211	00	44	-3	1	999	1	4	4	86	336	89	211	
4212	00	40	-3	1	0	9	2	1	267	0			
4217	00	43	-6	1	999	9	3	2	1	*001	0		
4220	00	41	-6	1	0	1	3	3	252	382	391		
4222	10	40	-8	1	0	1	3	3	197	169	345		
4222	20	40	-8	1	0	2	2	2	197	169			
4223	00	42	-9	1	870	2	2	2	224	176			
4224	01	41	-3	1	0	1	4	4	86	134	7	342	
4224	02	41	-3	1	0	1	2	2	97	216			
4225	00	43	-20	1	999	1	2	2	72	*017			
4227	00	40	-7	1	71	1	5	5	127	55	84	402	212		
4228	00	40	-7	1	71	1	4	4	343	*237	81	176			
4229	00	42	-16	1	71	1	7	7	89	99	173	59	398	48	15
4230	00	47	-8	1	71	1	5	5	150	123	302	155	211		
4231	00	45	0	1	71	1	2	2	328	307					
4232	00	51	0	1	31	1	5	5	267	99	59	59	211		
4233	00	40	-17	1	31	1	3	3	86	230	211				
4235	00	40	-11	1	45	1	2	2	40	176					
4236	00	42	-21	1	31	9	2	1	150	0					
4237	00	49	-15	1	31	1	3	3	87	284	342				
4238	00	42	-12	1	45	1	6	6	343	229	59	99	112	162	
4239	00	40	-10	1	61	1	4	4	89	106	287	342			
4240	00	42	-6	1	61	1	3	3	330	245	342				
4241	00	41	-6	1	45	1	7	7	22	47	343	65	67	8	342
4243	00	42	-13	1	45	1	5	4	0	*123	104	369	342		
4244	00	45	0	1	45	1	5	4	86	197	99	389	0		
4245	00	53	-3	1	45	1	7	7	261	186	343	171	8	391	252			
4246	00	44	-8	1	95	3	1	1	31									
4249	00	40	-10	1	251	1	3	3	281	342	402							
4250	00	49	-15	1	999	1	7	6	0	59	99	67	65	347	342			
4251	01	42	-5	1	590	1	3	3	295	336	53							
4251	02	42	-5	1	590	1	4	4	237	237	237	125						
4253	00	40	-11	1	113	1	4	4	391	403	87	342						
4254	00	47	-6	1	0	1	10	10	389	171	59	341	342	336	89	211	2	14
4256	01	42	-18	1	851	1	3	3	109	59	211							
4256	02	42	-18	1	851	1	2	2	293	267								
4258	00	42	-6	1	0	1	5	4	0	99	*171	59	211					
4259	00	44	-6	1	999	9	3	1	0	72	0							
4260	00	43	-19	1	0	1	5	5	249	28	99	216	254					
4261	00	41	-2	1	0	1	7	7	150	123	53	171	59	226	342			
4262	00	40	-7	1	0	1	6	6	72	186	301	155	347	342				
4263	00	40	-9	1	0	1	7	7	343	87	59	67	403	87	342			
4264	00	40	-5	1	0	1	7	7	267	99	102	59	249	169	342							
4265	00	47	-14	1	0	1	5	4	0	*216	343	244	252									
4266	00	48	-5	1	0	1	6	6	89	381	28	174	180	97								
4267	00	47	-6	1	0	1	3	3	204	267	402											
4268	00	40	-3	1	0	1	5	5	267	99	87	326	342									
4269	00	40	-3	1	0	1	10	10	319	83	267	99	87	59	65	342	124	169				
4270	00	42	-5	1	0	1	6	6	267	99	389	70	348	342								
4271	00	47	-6	1	0	1	14	13	0	*054	58	197	252	99	121	336	89	67	72	403	87	342
4272	00	47	-2	1	0	1	6	6	150	123	375	385	81	342								
4273	00	40	-5	1	0	1	4	4	*336	341	327	15										
4274	00	40	-7	1	0	1	8	8	65	72	99	155	102	287	87	169						
4275	00	40	0	1	0	1	9	9	391	99	65	244	58	336	89	124	169					
4276	10	42	-11	1	0	1	4	4	178	389	15	176										
4276	20	42	-11	1	0	2	2	2	112	402												
4277	00	57	-1	1	0	9	3	1	0	59	0											
4279	00	59	0	1	0	2	3	3	389	121	342											
4280	00	47	-9	1	0	1	3	3	54	307	413					
4281	00	41	-5	1	0	1	8	8	391	99	389	*067	72	336	89	211
4282	00	41	-5	1	0	1	6	6	267	99	98	178	389	15		
4283	00	42	-2	1	0	1	5	5	293	293	293	342	126			
4284	00	42	-7	1	0	1	3	3	204	245	15					
4285	00	43	-8	1	0	1	3	3	65	67	211					
4286	00	40	-5	1	0	1	3	2	0	415	342					
4287	00	42	-3	1	0	1	5	4	0	65	70	124	169			
4288	00	46	-8	1	0	1	6	5	0	65	336	89	194	169		
4289	00	47	-6	1	0	1	3	3	87	59	342					
4290	00	44	-10	1	0	1	3	2	0	57	*015					
4291	00	48	-7	1	0	1	4	3	17	336	244	0				
4292	00	47	-6	1	0	1	4	3	0	48	8	342				
4293	00	47	-8	1	0	1	4	3	267	99	*287	0				
4294	00	40	-7	1	0	1	5	4	253	319	175	180	0			
4295	00	42	-3	1	0	1	3	2	267	99	0					
4296	00	46	-20	1	0	1	6	6	241	287	319	176	51	176	
4297	00	57	-4	1	0	1	7	7	249	169	342	98	178	389	15
4298	00	47	-6	1	0	1	2	2	389	224					
4299	00	49	-4	1	0	9	2	1	234	0					
4300	00	40	-6	1	0	9	2	1	*186	0					
4301	00	40	-12	1	0	9	2	1	391	0					
4302	00	42	-4	1	0	1	2	2	*112	*169					
4303	10	44	-7	2	600	1	3	3	391	391	342				
4303	29	44	-7	2	760	0	0	0							
4304	10	40	-10	2	700	1	6	6	402	188	343	249	162	12	
4304	20	40	-10	2	550	1	6	6	402	188	343	249	162	12	
4305	10	40	-12	2	530	3	1	1	344						
4305	20	40	-12	2	530	3	1	1	344						
4305	30	40	-12	2	530	3	1	1	344						
4306	10	47	-1	2	710	1	3	3	403	87	342				
4306	20	47	-1	2	822	1	3	3	403	87	342				
4307	10	40	-12	2	0	1	3	3	48	8	342				
4307	29	40	-12	2	503	0	0	0							
4309	10	43	-15	2	540	1	3	3	155	342	249				
4309	21	43	-15	2	851	1	2	2	336	321					
4309	22	43	-15	2	851	1	4	4	87	141	328	328			
4311	00	40	-8	2	352	3	1	1	384						
4312	10	40	-4	2	0	1	4	4	70	53	48	342			
4312	29	40	-4	2	62	0	0	0							
4314	10	40	-7	2	0	1	5	5	267	99	67	294	342		
4314	20	40	-7	2	23	1	2	2	87	328					
4315	10	56	-2	2	0	1	5	5	210	169	99	67	211		
4315	29	56	-2	2	11	0	0	0							
4316	10	56	-4	2	0	1	7	7	267	99	86	336	12	89	328
4316	29	56	-4	2	790	0	0	0							
4317	10	41	-6	2	821	1	7	5	150	0	267	0	162	342	176
4317	29	41	-6	2	502	0	0	0							
4318	10	40	-5	2	0	1	3	3	341	342	176				
4318	29	40	-5	2	501	0	0	0							
4319	10	45	-2	2	0	2	7	7	293	123	343	106	402	336	321
4319	29	45	-2	2	512	0	0	0							
4320	10	40	-9	2	0	1	5	5	47	48	8	342	176		
4320	29	40	-9	2	851	0	0	0							
4321	10	42	-7	2	0	1	4	4	67	135	347	342			
4321	20	42	-7	2	851	1	2	2	345	328					
4322	10	40	-9	2	0	1	4	4	337	294	15	176			
4322	29	40	-9	2	852	0	0	0							
4323	10	42	-3	2	0	1	3	3	178	389	15				
4323	29	42	-3	2	442	0	0	0							
4324	10	40	-13	2	0	1	4	4	59	59	155	211			
4324	20	40	-13	2	441	1	2	2	87	328					
4325	10	40	-7	2	0	1	5	5	171	8	342	1	176		
4325	29	40	-7	2	442	0	0	0							
4326	10	42	-6	2	0	1	4	4	267	99	104	169	
4326	29	42	-6	2	442	0	0	0					
4327	10	42	-2	2	0	1	5	5	293	59	307	268	176
4327	29	42	-2	2	442	0	0	0					
4328	10	43	-4	2	0	1	4	4	287	319	134	86	
4328	29	43	-4	2	442	0	0	0					
4329	10	43	-7	2	0	1	3	3	403	294	15		
4329	29	43	-7	2	442	0	0	0					
4330	10	40	-1	2	0	1	4	3	0	307	268	176	
4330	29	40	-1	2	442	0	0	0					
4331	10	44	-6	2	0	1	4	4	175	230	53	342	
4331	29	44	-6	2	442	0	0	0					
4332	10	52	-1	2	0	1	4	4	175	230	53	342	
4332	29	52	-1	2	442	0	0	0					
4333	10	53	-9	2	0	9	2	1	53	0			
4333	29	53	-9	2	361	0	0	0					
4334	10	40	-7	2	0	1	11	11	*389	171	59	182	293	51	130	149	249	169	342
4334	29	40	-7	2	361	0	0	0											
4335	10	40	-4	2	0	1	11	11	389	171	59	182	293	51	130	149	249	169	342
4335	29	40	-4	2	361	0	0	0											
4336	10	40	-7	2	0	1	11	11	*389	171	59	182	293	51	130	149	249	169	342
4336	29	40	-7	2	361	0	0	0											
4337	10	42	-1	2	0	1	5	5	127	342	176	403	340						
4337	29	42	-1	2	367	0	0	0											
4338	10	40	-6	2	0	1	4	4	204	112	342	176							
4338	29	40	-6	2	361	0	0	0											
4339	10	40	-5	2	0	1	4	3	204	112	342	0							
4339	29	40	-5	2	361	0	0	0											
4340	10	40	-8	2	0	1	5	5	391	99	40	89	328						
4340	29	40	-8	2	363	0	0	0											
4341	10	42	-8	2	0	1	4	4	178	389	15	176							
4341	29	42	-8	2	880	0	0	0											
4342	10	40	-12	2	0	1	4	4	65	8	342	176				
4342	20	40	-12	2	0	1	2	2	87	328						
4342	39	40	-12	2	45	0	0	0								
4343	10	42	-9	2	11	1	5	5	267	99	67	135	342			
4343	20	42	-9	2	11	1	4	4	65	59	48	342				
4344	10	42	-5	2	0	1	4	4	263	343	113	342				
4344	20	42	-5	2	0	1	6	6	177	197	192	341	89	328		
4345	10	53	-6	2	0	1	6	6	242	336	56	67	244	342		
4345	20	53	-6	2	0	1	2	2	89	328						
4346	10	59	0	2	0	1	5	5	150	123	67	244	342			
4346	20	59	0	2	0	1	2	2	95	328						
4347	10	40	-12	2	0	1	3	3	325	342	176					
4347	20	40	-12	2	0	1	3	2	87	328	0					
4348	10	45	-13	2	0	1	6	6	121	51	130	149	342	176		
4348	20	45	-13	2	0	1	2	2	87	328						
4349	10	53	-4	2	0	1	8	8	205	293	99	48	342	*192	342	*186
4349	20	53	-4	2	0	1	6	6	177	197	192	342	87	328	
4350	10	53	-4	2	0	1	5	5	340	94	343	389	342		
4350	20	53	-4	2	0	2	2	2	89	328					
4351	10	41	-7	2	0	1	7	7	343	216	162	99	387	53	342
4351	20	41	-7	2	0	1	6	6	177	197	192	341	89	328	
4352	10	41	-6	2	0	1	5	5	53	171	59	342	176		
4352	20	41	-6	2	0	1	2	2	89	328					
4353	10	43	-10	2	0	1	3	3	173	403	12				
4353	20	43	-10	2	0	1	2	2	89	328					
4354	10	43	-16	2	0	1	5	4	53	67	72	182	0		
4354	20	43	-16	2	0	1	2	2	*086	328					
4355	10	53	-4	2	0	1	4	4	9	48	8	342			
4355	20	53	-4	2	0	1	2	2	*087	328					
4356	10	43	-16	2	0	2	4	4	109	59	211	176			
4356	20	43	-16	2	0	1	5	5	*336	267	341	89	328		
4357	10	42	-3	2	0	1	3	3	42	15	176				
4357	20	42	-3	2	0	2	2	2	87	328					
4358	10	44	-4	2	0	1	7	7	387	65	72	336	89	342	176
4358	20	44	-4	2	0	1	2	2	87	328					
4359	10	57	0	2	0	1	2	2	272	402					
4359	20	57	0	2	0	1	2	2	87	328					
4360	10	45	-13	2	0	1	3	3	72	216	254				
4360	20	45	-13	2	0	1	2	2	87	328					
4361	10	42	-18	2	0	1	4	4	124	25	176	342			
4361	20	42	-18	2	0	1	2	2	95	328					
4362	10	40	-5	2	0	1	3	3	233	342	176				
4362	20	40	-5	2	0	1	3	3	67	72	211				
4363	10	45	-16	2	0	1	3	3	*103	403	342				
4363	20	45	-16	2	0	1	2	2	328	59					
4364	10	41	-12	2	0	3	1	1	7						
4364	20	41	-12	2	0	1	2	2	87	328					
4366	00	42	-11	2	0	1	3	2	337	294	0				
4368	10	57	-5	2	910	2	5	5	153	153	48	342	176		
4368	20	57	-5	2	910	1	2	2	87	328					
4369	10	42	-13	2	910	1	4	4	114	193	342	176			
4369	20	42	-13	2	831	2	2	2	87	328					
4370	10	53	-4	2	0	1	4	4	391	99	226	254			
4370	20	53	-4	2	0	1	2	2	87	328					
4371	10	42	-10	2	0	1	7	7	53	67	72	182	293	342	176
4371	20	42	-10	2	0	1	2	2	89	328					
4372	10	40	-10	2	0	1	6	6	48	136	193	342	176	176	
4372	20	40	-10	2	0	1	2	2	87	46					
4373	10	45	0	2	0	1	5	5	67	72	342	388	176		
4373	20	45	0	2	0	1	2	2	89	328					
4374	10	44	-6	2	0	1	2	2	72	211					
4374	20	44	-6	2	0	2	2	2	89	328					
4375	10	44	-10	2	0	1	5	5	267	99	*051	*245	342		
4375	20	44	-10	2	0	1	2	2	89	328					
4376	10	53	-9	2	910	2	4	4	*114	193	342	98
4376	20	53	-9	2	910	1	2	2	89	328		
4377	10	42	-12	2	0	2	3	3	109	59	*211	
4377	29	42	-12	2	840	0	0	0				
4378	10	53	-8	2	0	1	2	2	7	176		
4378	20	53	-8	2	0	2	2	2	87	328		
4379	00	45	-4	2	0	1	3	3	373	342	176	
4380	01	49	-3	2	0	1	2	2	102	190		
4380	02	49	-3	2	0	3	1	1	374			
4381	10	53	-5	2	0	1	3	2	48	*047	0	
4381	20	53	-5	2	0	1	2	2	87	328		
4382	00	47	-7	1	0	2	2	2	102	162		
4384	10	44	-6	2	0	1	4	3	0	*342	1	176
4384	20	44	-6	2	0	9	2	1	87	0		
4386	11	40	-6	2	0	1	4	4	1	1	209	343
4386	12	40	-6	2	0	1	2	2	102	162		
4386	20	40	-6	2	0	1	2	2	89	328			
4387	10	42	-12	2	930	1	3	3	48	342	176		
4387	20	42	-12	2	930	1	2	2	89	328			
4401	10	41	-7	3	0	3	1	1	89				
4401	20	41	-7	3	0	3	1	1	328				
4401	39	41	-7	3	831	0	0	0					
4402	10	45	-15	3	0	1	3	3	325	347	342		
4402	20	45	-15	3	0	1	2	2	87	328			
4402	39	45	-15	3	361	0	0	0					
4403	10	41	-5	3	0	2	3	3	48	342	176		
4403	20	41	-5	3	0	2	2	2	89	328			
4404	10	43	-15	3	0	2	5	5	293	123	343	48	15
4404	20	43	-15	3	0	2	2	2	87	328			
4405	10	42	-15	3	0	2	3	3	48	342	176		
4405	20	42	-15	3	0	1	2	2	89	328			
4406	10	53	-6	3	0	1	3	3	100	326	342		
4406	20	53	-6	3	0	1	2	2	95	328		
4407	10	47	-16	3	910	1	2	2	138	176		
4407	20	47	-16	3	910	1	2	2	87	328		
4408	10	44	-8	3	920	1	3	3	171	59	211	
4408	29	44	-8	3	831	0	0	0				
4409	00	44	-8	3	0	1	4	4	86	326	15	176
4410	10	41	-13	3	0	2	3	3	72	223	254	
4410	20	41	-13	3	0	1	2	2	89	328		
4411	10	42	-17	3	0	3	1	1	59			
4411	20	42	-17	3	0	1	4	4	258	347	342	176
4412	10	41	-14	3	0	1	3	3	171	59	211	
4412	20	41	-14	3	0	3	1	1	44			
4413	10	41	-9	3	0	3	1	1	224			
4413	29	41	-9	3	831	0	0	0				
4414	00	42	-7	3	0	1	2	2	7	176		
4415	10	53	-11	3	900	1	2	2	104	149		
4415	20	53	-11	3	900	1	4	4	65	341	342	176	
4416	10	42	-12	3	920	1	2	2	391	123			
4416	20	42	-12	3	920	1	2	2	289	342			
4417	10	42	-16	3	460	1	2	2	104	162			
4417	29	42	-16	3	831	0	0	0					
4418	10	41	-14	3	900	2	3	3	171	59	211		
4418	29	41	-14	3	831	0	0	0					
4419	10	53	-1	3	0	1	4	4	48	193	342	176	
4419	20	53	-1	3	0	1	2	2	87	328			
4420	10	44	-4	3	0	1	5	4	103	403	87	244	0
4420	20	44	-4	3	0	1	2	2	87	328			
4421	00	44	-6	3	171	1	3	3	379	307	176		
4422	00	42	-12	3	171	1	3	3	379	307	176		
4423	00	41	-1	3	171	1	3	3	379	307	176		
4424	00	42	-15	3	171	1	2	2	104	162			
4425	00	42	-13	3	171	1	2	2	104	162			
4426	10	41	-14	3	390	1	2	2	104	162		
4426	29	41	-14	3	831	0	0	0				
4427	10	53	-11	3	371	1	3	3	267	402	149	
4427	20	53	-11	3	371	1	4	4	142	403	87	342
4428	10	41	-10	3	371	1	2	2	72	211		
4428	20	41	-10	3	371	1	2	2	95	328		
4429	10	40	-16	3	0	1	2	2	40	176		
4429	29	40	-16	3	132	0	0	0				
4430	10	42	-19	3	0	2	4	4	258	347	342	176
4430	29	42	-19	3	361	0	0	0				
4431	10	42	-17	3	0	2	4	4	258	347	342	176
4431	29	42	-17	3	361	0	0	0				
4432	10	42	-16	3	0	1	4	3	0	*059	342	176
4432	29	42	-16	3	361	0	0	0				
4433	10	41	-6	3	0	2	4	4	258	347	342	176
4433	29	41	-6	3	361	0	0	0				
4434	10	42	-16	3	0	2	4	4	258	347	342	176	
4434	29	42	-16	3	361	0	0	0					
4435	10	42	-12	3	0	2	4	4	258	347	342	176	
4435	29	42	-12	3	361	0	0	0					
4436	10	42	-19	3	0	1	4	4	*258	347	342	176	
4436	29	42	-19	3	361	0	0	0					
4437	10	53	-11	3	0	3	1	1	59				
4437	20	53	-11	3	0	2	3	3	87	253	194		
4438	10	40	-7	3	0	3	1	1	59				
4438	20	40	-7	3	0	2	4	3	175	176	211	0	
4439	10	45	-6	3	0	3	1	1	326				
4439	20	45	-6	3	0	2	3	3	104	368	342		
4440	10	51	0	3	0	1	5	5	65	87	294	342	176
4440	29	51	0	3	851	0	0	0					
4441	10	42	-17	3	0	1	2	2	267	99			
4441	29	42	-17	3	851	0	0	0					
4442	10	41	-6	3	0	3	1	1	249					
4442	20	41	-6	3	0	1	4	4	65	67	342	1		
4443	10	40	-17	3	0	1	2	2	267	99				
4443	29	40	-17	3	851	0	0	0						
4444	10	44	-4	3	0	1	4	4	119	87	342	176		
4444	20	44	-4	3	0	1	2	2	89	328				
4445	10	53	-5	3	0	2	4	4	67	244	149	342		
4445	20	53	-5	3	0	2	2	2	89	328				
4446	10	53	-4	3	0	1	4	4	263	343	113	342		
4446	20	53	-4	3	0	1	6	6	177	197	192	341	87	328
4447	10	44	-6	3	0	1	3	3	249	336	275			
4447	20	44	-6	3	0	1	4	4	51	130	15	176		
4448	10	41	-6	3	0	1	5	5	173	59	347	342	176	
4448	20	41	-6	3	0	1	3	3	95	328	59			
4449	10	44	-7	3	0	1	3	3	177	307	284			
4449	20	44	-7	3	0	1	5	5	409	94	67	244	342	
4450	10	42	-16	3	0	1	3	3	177	307	284			
4450	20	42	-16	3	0	1	6	6	409	94	67	244	342	176
4450	39	42	-16	3	831	0	0	0						
4450	49	42	-16	3	831	0	0	0						
4451	10	42	-13	3	0	1	4	4	48	193	342	176		
4451	20	42	-13	3	0	2	2	2	95	328				
4452	10	41	-6	3	0	1	5	5	173	59	347	342	176	
4452	20	41	-6	3	0	1	3	3	95	59	328			
4453	10	40	-11	3	0	1	3	3	171	59	211			
4453	20	40	-11	3	0	3	1	1	44					
4454	10	40	-12	3	0	1	3	3	267	402	149			
4454	20	40	-12	3	0	1	4	4	205	367	342	176		
4455	10	45	-6	3	0	1	4	4	205	267	342	176		
4455	20	45	-6	3	0	1	2	2	89	328				
4456	10	42	-14	3	0	1	4	4	119	87	342	176		
4456	20	42	-14	3	0	1	2	2	89	328				
4457	10	45	-10	3	0	1	5	4	0	112	197	342	176
4457	20	45	-10	3	0	1	2	2	89	328			
4458	10	45	-6	3	0	2	3	3	171	59	211		
4458	20	45	-6	3	0	2	2	2	95	328			
4459	10	44	-7	3	0	9	1	0	0				
4459	20	44	-7	3	0	1	2	2	87	328			
4460	10	41	-13	3	0	1	2	2	267	402			
4460	20	41	-13	3	0	1	2	2	205	367			
4461	10	42	-13	3	0	1	3	3	250	15	176		
4461	20	42	-13	3	0	1	2	2	87	328			
4462	10	45	-16	3	0	1	4	4	100	17	15	176	
4462	20	45	-16	3	0	1	2	2	89	328			
4463	10	43	-16	3	0	2	4	4	331	*233	59	99	
4463	20	43	-16	3	0	2	2	2	89	328			
4464	10	40	-15	3	0	1	4	4	102	137	87	249	
4464	20	40	-15	3	0	1	3	3	171	59	211		
4465	10	47	-10	3	0	1	3	3	177	307	284	
4465	20	47	-10	3	831	1	2	2	296	342		
4466	10	41	-7	3	0	1	2	2	73	176		
4466	29	41	-7	3	831	0	0	0				
4467	00	40	-12	3	0	1	4	4	67	65	342	1
4468	10	42	-15	3	0	1	2	2	201	280		
4468	20	42	-15	3	0	1	2	2	89	328		
4469	10	56	0	3	0	1	2	2	223	342		
4469	20	56	0	3	0	1	2	2	95	328		
4470	10	44	-6	3	0	1	3	3	173	267	99	
4470	20	44	-6	3	0	1	2	2	95	328		
4471	10	53	-4	3	0	2	3	3	249	336	275	
4471	20	53	-4	3	0	2	4	4	67	70	211	176
4472	10	44	-6	3	0	1	2	2	142	149		
4472	20	44	-6	3	0	1	4	4	119	87	342	176
4473	10	42	-16	3	0	1	2	2	416	344		
4473	20	42	-16	3	0	1	2	2	89	328			
4474	10	42	-18	3	0	2	2	2	267	89			
4474	20	42	-18	3	0	1	2	2	86	211			
4475	10	43	-13	3	0	1	3	3	250	15	176		
4475	20	43	-13	3	0	1	2	2	*087	328			
4476	10	59	0	3	0	1	3	3	48	342	176		
4476	20	59	0	3	0	2	2	2	*095	328			
4477	10	53	-2	3	0	1	4	4	103	403	87	342	
4477	20	53	-2	3	0	1	5	5	267	402	149	89	328
4478	10	41	-13	3	0	1	3	3	249	336	275		
4478	20	41	-13	3	0	2	4	4	51	130	15	176	
4479	10	53	-7	3	0	2	2	2	67	12			
4479	20	53	-7	3	0	2	2	2	87	328			
4480	10	42	-14	3	0	1	3	3	249	336	275		
4480	20	42	-14	3	0	1	4	4	51	130	15	176	
4481	10	41	-14	3	0	1	2	2	142	149			
4481	20	41	-14	3	0	1	4	4	*119	87	342	176	
4482	10	47	-9	3	0	2	3	3	173	249	89		
4482	20	47	-9	3	0	2	2	2	51	89			
4483	10	42	-12	3	0	1	3	3	*409	96	171		
4483	20	42	-12	3	0	1	2	2	89	328			
4484	10	45	-14	3	0	1	4	4	86	325	15	176	
4484	20	45	-14	3	0	1	2	2	95	328			
4485	10	42	-15	3	0	1	3	3	67	347	342		
4485	20	42	-15	3	0	1	5	5	267	402	149	95	328
4486	10	45	-6	3	0	2	3	3	173	249	89		
4486	20	45	-6	3	0	1	2	2	51	89			
4487	10	42	-18	3	0	1	4	4	67	244	342	176	
4487	20	42	-18	3	0	1	2	2	28	328			
4488	10	45	-6	3	0	1	2	2	379	307			
4488	20	45	-6	3	0	1	2	2	276	284			
4489	10	45	-6	3	0	1	3	3	67	12	176		
4489	20	45	-6	3	0	1	2	2	89	328		
4490	10	47	-8	3	0	2	3	3	109	59	211	
4490	20	47	-8	3	0	2	2	2	89	328		
4491	10	44	0	3	0	1	3	2	*053	114	0	
4491	20	44	0	3	0	2	2	2	86	328		
4492	10	53	-5	3	0	1	4	4	205	267	342	176
4492	20	53	-5	3	0	1	2	2	89	328		
4493	10	45	-6	3	0	1	2	2	66	176		
4493	20	45	-6	3	0	1	2	2	95	328		
4494	10	41	-4	3	0	1	2	2	216	254		
4494	20	41	-4	3	0	9	2	1	0	328		
4497	10	42	-13	3	0	1	3	3	67	8	342	
4497	20	42	-13	3	0	2	2	2	89	328		
4498	10	41	-10	3	0	1	4	4	249	402	24	327
4498	20	41	-10	3	0	1	2	2	95	328		
4499	10	47	-1	3	0	1	3	3	72	216	254	
4499	20	47	-1	3	0	1	2	2	87	328		
4500	10	59	0	3	0	1	3	3	*173	148	89	
4500	20	59	0	3	0	1	2	2	51	89		
4501	10	42	-16	3	0	1	2	2	73	176		
4501	20	42	-16	3	0	1	2	2	95	328		
4502	10	42	-14	3	0	1	2	2	287	402		
4502	20	42	-14	3	0	1	2	2	89	328		
4503	10	42	-17	3	0	1	2	2	73	176		
4503	20	42	-17	3	0	2	2	2	95	328		
4504	10	41	-6	3	0	1	4	4	205	267	342	176
4504	20	41	-6	3	0	1	2	2	89	328		
4505	10	41	-7	3	0	1	2	2	87	253		
4505	29	41	-7	3	831	0	0	0				
4506	10	42	-18	3	0	9	2	1	249	0		
4506	20	42	-18	3	0	1	3	3	51	130	*015	
4507	10	45	-14	3	0	1	3	3	177	307	*149	
4507	20	45	-14	3	0	1	3	2	0	59	211	
4508	10	43	-20	3	0	1	3	3	48	342	176	
4508	20	43	-20	3	0	1	2	2	95	328		
4509	10	42	-13	3	0	1	3	3	48	342	176	
4509	20	42	-13	3	0	1	2	2	89	328		
4510	10	55	-5	3	0	1	4	4	205	267	342	176
4510	20	55	-5	3	0	1	2	2	89	328		
4511	10	43	-12	3	0	2	3	3	*335	294	342	
4511	20	43	-12	3	0	2	2	2	89	328		
4512	10	45	-13	3	0	1	3	3	103	403	342	
4512	20	45	-13	3	0	1	2	2	89	328		
4514	10	41	-14	3	0	2	2	2	267	89		
4514	20	41	-14	3	0	1	3	3	124	51	342	
4515	10	44	-4	3	0	9	1	0	0			
4515	20	44	-4	3	0	1	2	2	87	328		
4516	10	56	-10	3	0	2	3	3	48	342	176	
4516	20	56	-10	3	0	2	2	2	95	328		
4517	10	44	0	3	0	1	3	2	263	344	0	
4517	20	44	0	3	0	2	3	2	177	197	0	
4518	10	42	0	3	0	2	2	2	267	89		
4518	20	42	0	3	0	1	2	2	86	211		
4519	10	42	-6	3	0	1	4	4	103	403	342	176
4519	20	42	-6	3	0	1	2	2	87	328		
4520	10	53	-2	3	0	1	3	3	106	287	342	
4520	20	53	-2	3	0	1	2	2	89	328		
4521	10	42	-15	3	831	3	1	1	59			
4521	20	42	-15	3	0	1	2	2	336	321		
4522	10	42	-17	3	0	1	3	3	193	342	176	
4522	20	42	-17	3	0	1	2	2	95	328		
4523	10	41	-6	3	0	1	3	3	*193	342	176	
4523	20	41	-6	3	0	2	2	2	89	328		
4525	10	42	-12	3	0	1	3	2	0	287	342	
4525	20	42	-12	3	0	1	2	2	89	*328		
4527	10	45	-2	3	0	9	2	1	150	0		
4527	20	45	-2	3	0	9	2	1	89	0		
4528	10	43	-16	3	0	1	4	3	375	123	86	0
4528	20	43	-16	3	0	1	2	2	89	328		
4529	10	45	-12	3	0	1	3	2	0	*375	342	
4529	20	45	-12	3	0	9	2	1	95	0		
4530	10	55	-5	3	0	2	2	2	336	176		
4530	29	55	-5	3	431	0	0	0				
4532	10	45	-10	3	0	1	3	2	331	233	0	
4532	20	45	-10	3	0	9	2	1	87	0		
4533	10	42	-15	3	0	9	2	1	267	0		
4533	29	42	-15	3	851	0	0	0				
4534	00	55	-6	3	0	2	2	2	2	176		
4535	10	53	-10	3	0	2	2	2	267	402		
4535	20	53	-10	3	0	2	2	2	*205	*367		
4536	10	41	-13	3	0	1	2	2	205	367			
4536	20	41	-13	3	0	1	2	2	263	342			
4537	10	41	-12	3	0	1	2	2	86	276			
4537	20	41	-12	3	0	1	2	2	86	284			
4538	10	41	-7	3	0	1	3	2	0	12	176		
4538	29	41	-7	3	831	0	0	0					
4540	00	44	-7	3	999	9	2	1	0	342			
4541	10	40	-16	3	0	2	5	5	48	342	176	253	*087
4541	29	40	-16	3	831	0	0	0					
4543	10	42	-11	3	0	1	3	3	48	342	176		
4543	20	42	-11	3	0	1	2	2	89	328			
4544	10	41	-6	3	0	1	3	3	171	59	211		
4544	20	41	-6	3	0	1	2	2	95	328			
4545	10	53	-5	3	0	9	2	1	0	149			
4545	20	53	-5	3	0	9	2	1	267	0			
4546	10	42	-11	3	0	1	3	2	0	*008	342		
4546	20	42	-11	3	0	9	2	1	0	328	
4547	00	47	-11	3	0	1	2	2	7	176	
4548	10	42	-16	3	0	1	3	3	48	342	176
4548	20	42	-16	3	0	1	2	2	87	328	
4549	10	40	-6	3	0	1	3	3	284	267	342
4549	20	40	-6	3	0	1	2	2	89	328	
4550	10	40	-6	3	0	1	3	3	201	342	1
4550	20	40	-6	3	0	1	2	2	89	328	
4551	10	42	-10	3	0	1	2	2	72	211	
4551	20	42	-10	3	0	1	2	2	87	328	
4552	10	45	-15	3	0	2	3	2	267	*099	0
4552	20	45	-15	3	0	1	2	2	*086	328	
4553	10	42	-15	3	0	1	3	3	103	403	342
4553	20	42	-15	3	0	1	2	2	95	328	
4554	10	42	-15	3	0	1	3	3	103	403	342
4554	20	42	-15	3	0	1	2	2	87	328	
4555	10	42	-15	3	0	1	3	3	103	403	342	
4555	20	42	-15	3	0	1	2	2	95	328		
4556	10	40	-5	3	910	1	3	3	87	60	176	
4556	20	40	-5	3	910	1	2	2	87	328		
4557	10	42	-12	3	910	1	3	2	409	*096	0	
4557	20	42	-12	3	910	9	2	1	87	0		
4559	10	44	-8	3	460	1	3	2	0	*373	342	
4559	20	44	-8	3	460	1	2	2	*087	328		
4560	10	42	-12	3	371	3	1	1	103			
4560	20	42	-12	3	371	3	1	1	87			
4561	10	41	-13	3	0	2	2	2	216	123		
4561	29	41	-13	3	831	0	0	0				
4561	39	41	-13	3	831	0	0	0				
4562	10	42	-10	3	0	2	4	4	67	244	149	342
4562	20	42	-10	3	0	1	2	2	87	328		
4563	00	44	-1	3	0	1	4	4	119	87	342	176
4564	10	42	-13	3	910	1	3	3	103	403	342			
4564	20	42	-13	3	910	1	2	2	89	328				
4566	10	40	-15	3	0	2	3	2	0	342	176			
4566	20	40	-15	3	0	1	2	2	*086	328				
4571	10	41	-14	3	0	2	4	3	0	*342	1	176		
4571	20	41	-14	3	0	2	2	2	95	328				
4572	10	41	-5	3	0	2	2	2	106	169				
4572	29	41	-5	3	831	0	0	0						
4572	39	41	-5	3	831	0	0	0						
4572	49	41	-5	3	831	0	0	0						
4573	10	41	-14	3	0	1	3	3	177	307	284			
4573	20	41	-14	3	0	1	6	6	409	94	67	244	342	176
4573	39	41	-14	3	831	0	0	0						
4574	10	42	-12	3	0	1	3	3	86	327	*342			
4574	20	42	-12	3	0	1	2	2	95	328				
4574	39	42	-12	3	831	0	0	0						
4575	10	42	-13	3	0	1	3	3	48	342	176	
4575	20	42	-13	3	0	1	2	2	89	328		
4575	39	42	-13	3	831	0	0	0				
4576	10	40	-10	3	0	3	1	1	59			
4576	20	40	-10	3	0	1	4	4	67	244	149	342
4576	30	40	-10	3	0	1	2	2	95	328		
4577	10	42	-12	3	0	1	4	4	51	130	15	176
4577	20	42	-12	3	0	1	2	2	95	328		
4578	10	42	-15	3	0	2	3	3	48	342	59	
4578	29	42	-15	3	361	0	0	0				
4578	39	42	-15	3	831	0	0	0				
4579	10	44	-10	3	0	1	4	4	51	130	15	176
4579	20	44	-10	3	0	2	2	2	95	328		
4580	10	42	-15	3	0	2	3	3	72	216	254	
4580	20	42	-15	3	0	2	2	2	87	328		
4580	39	42	-15	3	831	0	0	0				
4581	10	43	-18	3	0	3	1	1	137				
4581	20	43	-18	3	0	1	4	4	*119	87	342	176	
4581	30	43	-18	3	0	1	2	2	95	328			
4582	10	43	-18	3	0	1	4	4	67	244	342	176	
4582	20	43	-18	3	0	1	2	2	95	328			
4582	39	43	-18	3	831	0	0	0					
4583	10	44	-11	3	0	1	4	4	171	198	87	284	
4583	20	44	-11	3	0	1	4	4	217	81	347	342	
4583	39	44	-11	3	831	0	0	0					
4584	10	42	-14	3	0	1	4	4	171	198	87	284	
4584	20	42	-14	3	0	1	5	5	150	123	67	244	342
4584	39	42	-14	3	831	0	0	0					
4585	10	45	-13	3	0	1	5	5	67	244	342	304	87
4585	20	45	-13	3	0	1	2	2	89	328			
4586	10	41	-13	3	0	1	3	3	48	342	176		
4586	20	41	-13	3	0	1	3	3	267	402	149		
4586	30	41	-13	3	0	1	2	2	89	328			
4587	10	42	-16	3	0	1	4	4	67	244	342	176	
4587	20	42	-16	3	0	1	2	2	95	328			
4587	39	42	-16	3	831	0	0	0					
4588	10	44	0	3	0	3	1	1	59				
4588	20	44	0	3	0	1	2	2	6	176			
4588	30	44	0	3	0	1	2	2	89	328			
4589	10	53	-5	3	0	1	5	5	48	47	379	245	245
4589	20	53	-5	3	0	1	2	2	307	267			
4589	30	53	-5	3	0	1	2	2	87	328			
4590	10	41	-6	3	0	3	1	1	59				
4590	20	41	-6	3	0	1	2	2	102	15			
4591	10	41	-8	3	0	3	1	1	59				
4591	20	41	-8	3	0	1	4	4	*119	87	342	176	
4591	30	41	-8	3	0	1	2	2	95	328			
4592	10	45	-6	3	0	1	3	3	307	387	342		
4592	29	45	-6	3	361	0	0	0					
4592	39	45	-6	3	831	0	0	0					
4593	10	45	-15	3	0	2	2	2	333	*342			
4593	20	45	-15	3	0	2	2	2	89	328			
4593	39	45	-15	3	831	0	0	0					
4594	10	42	-16	2	0	1	3	3	*294	336	342		
4594	20	42	-16	2	0	1	2	2	87	328			
4595	10	51	-7	2	0	1	4	3	121	51	130	0	
4595	20	51	-7	2	351	1	2	2	89	328			
4596	10	44	-4	2	0	1	4	3	0	*347	342	176	
4596	20	44	-4	2	0	1	2	2	89	*328			
4596	39	44	-4	2	999	0	0	0					
4597	10	44	-5	2	0	1	5	4	0	*171	8	342	176
4597	20	44	-5	2	0	1	2	2	89	328			
4597	39	44	-5	2	999	0	0	0					
4599	00	46	-16	9	0	1	5	5	216	33	87	252	391
4601	10	40	-10	2	135	2	3	3	391	99	40	
4601	20	40	-10	2	135	1	2	2	89	328		
4602	10	41	-4	2	0	1	4	4	249	162	342	176
4602	20	41	-4	2	0	2	2	2	89	328		
4603	10	41	-9	2	0	1	4	4	171	8	391	252
4603	20	41	-9	2	0	1	2	2	87	328		
4604	10	42	-15	2	0	1	4	4	109	59	211	176
4604	20	42	-15	2	0	2	2	2	89	328		
4605	10	42	-4	2	0	1	4	4	102	136	342	176
4605	20	42	-4	2	0	1	2	2	89	328		
4606	10	44	-3	2	0	2	4	4	171	8	391	252
4606	20	44	-3	2	0	2	2	2	87	328		
4607	10	40	-13	2	0	2	3	3	375	375	15	
4607	20	40	-13	2	0	1	2	2	89	328		
4610	10	42	-13	2	0	1	3	3	379	307	176	
4610	20	42	-13	2	0	1	2	2	87	328		
4613	10	43	0	2	0	1	3	2	*065	249	0					
4613	20	43	0	2	0	1	2	2	89	328						
4614	00	40	-5	1	13	1	7	7	17	327	128	342	97	104	169	
4615	00	44	-5	1	13	1	4	4	86	67	342	1				
4616	00	40	-5	1	11	1	5	4	0	*065	112	197	342			
4617	00	49	-14	1	12	1	2	2	70	12						
4618	00	46	0	1	13	1	3	3	106	287	342					
4619	00	51	0	1	11	1	8	8	*287	87	180	99	67	112	194	*342
4620	00	40	-13	1	13	1	4	4	244	343	102	*162				
4621	00	44	-3	1	0	1	6	5	0	124	409	96	342	1		
4622	00	42	-12	1	351	1	3	2	0	89	15					
4623	00	47	-8	1	351	1	5	4	0	249	343	341	*012			
4624	00	42	-12	1	13	1	4	3	28	162	343	0				
4625	00	46	-24	1	999	1	4	3	0	249	162	342				
4626	00	46	0	1	31	1	3	3	59	194	*342					
4627	00	45	-5	1	0	1	3	3	17	336	161					
4628	00	57	-3	1	0	1	4	4	86	178	389	15		
4629	00	47	-7	1	0	1	3	3	103	403	342			
4630	00	57	-5	1	0	1	6	6	417	267	402	97	48	342
4631	00	46	0	1	0	1	5	5	136	247	204	110	342	
4632	00	40	-8	1	0	1	2	2	8	342				
4633	00	41	0	1	0	9	2	1	226	0				
4634	00	44	-2	1	0	1	6	5	17	102	287	381	*065	0
4635	10	42	-18	3	0	3	1	1	59					
4635	20	42	-18	3	0	1	3	3	171	59	211			
4635	39	42	-18	3	831	0	0	0						
4636	10	53	-1	2	0	9	2	1	233	0				
4636	20	53	-1	2	0	9	2	1	87	0				
4637	10	45	-15	2	0	9	2	1	173	0				
4637	20	45	-15	2	0	9	2	1	*087	0				
4639	10	45	-3	2	0	9	2	1	0	176				
4639	20	45	-3	2	0	9	2	1	0	328				
4641	10	59	0	2	0	1	5	4	0	171	8	342	176
4641	20	59	0	2	0	1	2	2	89	328			
4641	39	59	0	2	361	0	0	0					
4642	10	53	-5	2	0	3	1	1	59				
4642	20	53	-5	2	0	1	5	5	245	245	307	342	176
4642	30	53	-5	2	0	2	2	2	87	328			
4643	00	40	-2	7	0	1	4	3	0	99	106	169	
4644	00	44	0	2	371	2	4	4	59	127	15	176	
4645	10	53	-3	2	0	3	1	1	59				
4645	20	53	-3	2	0	1	5	5	245	245	307	342	176
4645	30	53	-3	2	0	2	2	2	87	328			
4646	10	41	-3	2	0	1	5	5	65	249	162	342	176
4646	20	41	-3	2	441	1	2	2	89	328			
4647	10	45	-10	2	0	2	4	3	0	193	342	176	
4647	20	45	-10	2	0	2	2	2	87	328			
4647	39	45	-10	2	831	0	0	0					
4648	10	47	-9	2	0	3	1	1	149				
4648	29	47	-9	2	441	0	0	0					
4649	10	53	-7	2	0	1	3	3	51	130	15		
4649	20	53	-7	2	0	1	2	2	87	328			
4649	39	53	-7	2	831	0	0	0					
4650	10	43	-12	2	0	1	3	3	249	162	342		
4650	29	43	-12	2	441	0	0	0					
4651	10	40	-6	2	0	1	4	4	103	403	342	176	
4651	20	40	-6	2	0	1	4	4	102	216	245	245	
4652	10	59	0	2	0	1	2	2	102	25			
4652	29	59	0	2	851	0	0	0					
4653	10	46	-12	2	0	1	3	3	373	341	342		
4653	20	46	-12	2	0	5	3	3	328	328	328		
4654	00	40	-10	2	0	1	5	5	53	171	59	342	176
4655	00	40	-2	2	0	1	3	3	127	8	342		
4656	10	44	-5	2	0	1	4	3	0	59	342	176	
4656	29	44	-5	2	971	0	0	0					
4657	00	40	-8	2	11	1	5	5	387	72	87	294	342
4658	10	44	-8	2	371	1	3	3	267	402	149		
4658	20	44	-8	2	371	1	4	4	142	403	87	342	
4659	10	41	-12	2	0	1	3	3	72	211	176		
4659	29	41	-12	2	45	0	0	0					
4660	10	45	-12	2	0	9	1	0	0				
4660	20	45	-12	2	0	2	2	2	89	328			
4661	10	45	-5	2	0	1	5	5	72	182	293	342	176
4661	20	45	-5	2	0	1	2	2	*086	328			
4663	10	44	-8	2	0	1	2	2	25	97			
4663	29	44	-8	2	380	0	0	0					
4664	10	41	-6	2	0	1	3	3	72	211	176		
4664	29	41	-6	2	450	0	0	0					
4665	10	45	0	2	0	1	3	3	391	99	40		
4665	20	45	0	2	851	1	2	2	87	328			
4666	10	42	-13	2	0	1	5	5	51	130	149	342	176	
4666	20	42	-13	2	0	1	2	2	89	328				
4667	10	41	-3	2	0	1	5	4	387	65	72	336	0	
4667	20	41	-3	2	0	1	2	2	*086	328				
4668	00	45	0	2	0	1	3	2	0	15	176			
4669	00	47	-7	2	0	1	5	5	219	209	343	106	169	
4670	10	40	0	2	0	1	3	3	67	294	342			
4670	20	40	0	2	0	2	2	2	89	328				
4671	10	45	-9	2	0	9	1	0	0					
4671	20	45	-9	2	0	1	2	2	89	328				
4672	10	40	-4	2	0	1	6	6	67	336	89	216	254	176
4672	20	40	-4	2	0	1	6	6	177	197	192	341	89	328
4673	10	44	-6	2	0	1	5	5	391	99	67	72	211	
4673	20	44	-6	2	0	1	2	2	89	328				
4674	10	47	-8	2	0	1	5	5	245	245	307	342	176	
4674	20	47	-8	2	0	1	2	2	89	328				
4675	10	53	-7	2	0	2	3	3	*017	336	319	
4675	20	53	-7	2	0	1	2	2	89	328		
4676	10	45	0	2	0	1	2	2	72	216		
4676	29	45	0	2	999	0	0	0				
4677	10	53	-9	2	0	1	3	2	48	342	0	
4677	29	53	-9	2	11	0	0	0				
4678	10	42	-17	2	0	1	3	3	403	187	87	
4678	20	42	-17	2	0	1	2	2	95	328		
4679	10	40	-8	2	0	1	4	4	136	193	342	176
4679	20	40	-8	2	0	1	2	2	87	328		
4680	10	53	-7	2	0	1	3	3	311	15	176	
4680	20	53	-7	2	0	2	2	2	89	328		
4681	10	44	-8	2	0	1	3	2	0	51	342	
4681	20	44	-8	2	0	1	2	2	95	328		
4682	10	43	-17	2	0	1	3	3	379	307	176	
4682	20	43	-17	2	0	2	2	2	87	328		
4683	10	42	-16	2	0	1	3	3	84	51	342	
4683	20	42	-16	2	0	1	2	2	95	328		
4684	10	42	-13	2	0	2	4	4	175	176	211	176
4684	20	42	-13	2	0	2	2	2	89	328		
4685	10	59	0	2	0	1	3	3	325	347	*342	
4685	20	59	0	2	0	9	2	1	95	0		
4686	10	53	-4	2	0	1	2	2	96	402		
4686	20	53	-4	2	0	2	2	2	89	328		
4687	10	45	-11	2	0	1	3	2	150	123	0	
4687	20	45	-11	2	0	9	3	1	0	*380	0	
4689	10	53	-5	2	0	1	4	4	204	150	193	342
4689	20	53	-5	2	0	1	2	2	89	328		
4690	10	42	-14	2	0	1	4	4	249	162	342	176
4690	29	42	-14	2	441	0	0	0				
4691	10	42	-13	2	0	1	3	3	135	365	410	
4691	20	42	-13	2	0	1	2	2	87	328		
4692	10	40	-16	2	0	1	3	3	311	15	176				
4692	20	40	-16	2	0	2	2	2	89	328					
4693	00	45	-5	1	13	1	3	3	117	125	59				
4694	01	57	-3	1	13	1	4	3	391	97	225	0			
4694	02	57	-3	1	13	1	4	3	89	375	162	0			
4695	00	44	-11	1	0	1	3	2	278	65	0				
4696	00	42	-13	1	0	1	4	3	391	99	387	0			
4697	00	57	-8	1	351	9	2	1	0	342					
4698	00	57	-3	1	0	1	7	7	*059	336	204	8	342	124	169
4699	00	43	-5	1	0	1	4	3	0	99	116	342			
4700	10	41	-7	3	0	1	3	2	112	197	0				
4700	20	41	-7	3	0	2	2	2	87	328					
4701	10	41	-6	2	0	2	4	4	253	244	193	56			
4701	29	41	-6	2	13	0	0	0							
4702	10	57	-4	2	0	1	5	5	67	72	342	388	176		
4702	20	57	-4	2	0	1	2	2	89	328					
4703	10	57	-7	2	0	1	3	2	249	162	0				
4703	29	57	-7	2	441	0	0	0							
4704	10	41	-9	2	0	1	4	3	0	149	342	176			
4704	20	41	-9	2	0	1	2	2	89	328					
4707	00	44	-10	2	0	1	4	2	0	135	192	0			
4709	00	42	-3	9	0	1	2	2	226	342					
4710	00	42	-11	4	0	9	2	1	0	169					
4712	00	42	-11	4	0	1	3	2	70	51	0				
4713	00	42	-11	4	960	1	3	3	298	342	*254				
4714	00	40	-11	2	0	1	3	2	244	252	0				
4715	00	40	-7	2	0	1	3	2	0	342	176				
4716	00	47	-12	2	0	1	6	6	*389	65	249	169	342	176	
4717	10	41	-4	2	0	1	4	4	*102	51	130	176			
4717	20	41	-4	2	0	1	5	4	*336	267	341	89	0		
4718	10	47	-8	3	0	1	7	7	343	162	343	86	336	89	211
4718	20	47	-8	3	0	1	2	2	89	328					
4718	39	47	-8	3	831	0	0	0					
4801	00	59	0	4	0	1	3	3	345	347	342		
4802	00	59	0	4	0	1	2	2	*312	102			
4803	00	40	-5	4	0	1	4	3	102	59	249	0	
4804	00	59	0	4	0	4	2	2	313	102			
4805	00	59	0	4	0	1	4	4	67	244	149	342	
4806	00	59	0	4	0	1	2	2	66	176			
4807	00	59	0	4	0	1	2	2	89	210			
4808	00	59	0	4	0	1	4	3	59	327	158	0	
4809	00	59	0	4	0	1	4	3	89	342	124	0	
4810	00	59	0	4	0	1	3	2	70	216	0		
4811	00	44	-10	9	0	1	4	4	*307	155	97	211	
4812	00	43	0	4	0	1	5	4	*267	99	59	*053	0
4813	00	59	0	4	0	1	4	4	391	99	53	342	
4814	00	59	0	4	0	3	1	1	214				
4815	00	59	0	4	0	3	1	1	12				
4816	00	59	0	4	0	9	2	1	0	*012				
4817	00	47	-3	4	0	9	2	1	0	*015				
4819	00	59	0	4	0	1	3	2	0	342	176			
4820	00	59	0	4	0	1	3	3	112	331	342			
4821	00	42	-12	2	0	3	1	1	118					
4823	00	41	-5	2	0	2	2	2	253	230				
4824	00	41	-5	2	0	2	2	2	204	230				
4826	00	59	0	4	0	1	3	3	*059	*059	*342			
4827	00	47	-7	4	0	1	6	5	0	342	53	373	287	*342
4832	00	40	-2	4	0	3	1	1	67					
4833	00	56	-4	4	0	1	4	3	89	89	121	0		
4834	00	59	0	4	0	3	1	1	216					
4835	00	56	-5	4	0	1	3	2	267	99	0			
4838	00	59	0	4	0	9	3	2	245	245	0			
4839	00	59	0	4	0	1	2	2	25	*342				
4840	00	56	-4	4	0	9	2	1	150	0				
4841	00	59	0	4	0	3	1	1	15			
4843	00	56	-5	4	0	1	4	4	150	123	104	169
4844	00	59	0	4	0	3	1	1	1			
4845	00	41	-2	4	0	3	1	1	102			
4846	00	59	0	2	0	2	2	2	253	230		
4848	00	59	0	4	0	1	4	2	0	*062	*065	0
4849	00	59	0	4	0	1	4	2	0	87	59	0
4852	00	59	0	4	0	3	1	1	115			
4853	00	59	0	2	0	1	2	2	*109	59		
4854	00	51	0	9	0	1	3	2	365	96	0	
4855	00	51	0	9	0	3	1	1	102			
4856	00	51	0	9	0	1	2	2	96	137		
4857	00	51	0	9	0	3	1	1	110			
4861	00	59	0	4	0	1	2	2	102	104		
4864	00	59	0	4	0	9	2	1	0	245		
4865	00	59	0	4	0	9	2	1	391	0		
4868	00	59	0	4	0	3	1	1	104		
4871	00	59	0	4	0	1	2	2	284	277	
4873	00	42	0	2	0	2	2	2	109	59	
4874	00	59	0	2	0	3	1	1	127		
4875	00	56	-5	4	0	3	1	1	7		
4876	00	59	0	2	0	3	1	1	127		
4877	00	59	0	4	0	9	3	1	0	387	0
4878	00	42	-11	4	0	9	3	1	0	345	0
4879	00	59	0	4	0	3	1	1	176		
4880	00	57	0	4	0	3	1	1	59		
4881	00	59	0	4	0	1	2	2	100	104	
4884	00	59	0	4	0	9	2	1	0	342	
4901	00	42	-6	6	0	1	3	3	293	244	393
4902	00	42	-6	6	0	1	3	2	0	244	393
4905	00	40	-3	2	0	5	3	3	373	8	373
5001	00	40	0	1	0	1	2	2	*375	342	
5003	00	40	-7	1	13	9	3	1	0	216	0						
5006	00	40	-3	1	0	1	2	2	100	169							
5010	00	48	-2	1	0	1	3	2	87	373	0						
5016	00	59	0	1	0	1	3	3	178	389	15						
5017	00	42	-15	1	11	1	3	2	32	97	0						
5023	00	45	-15	1	13	9	3	1	0	25	0						
5031	00	45	-14	1	0	1	3	3	192	347	342						
5034	00	40	-7	1	13	9	2	1	0	402							
5035	00	59	0	1	0	1	4	4	389	342	*124	169					
5046	00	45	-9	1	0	1	4	4	267	99	2	14					
5051	00	59	0	1	0	1	2	2	111	342							
5052	00	59	0	1	0	1	9	9	53	70	72	342	407	169	178	389	15
5054	00	59	0	1	13	1	2	2	109	162							
5055	00	59	0	1	13	1	6	6	267	99	204	245	347	342			
5056	10	54	0	1	0	1	2	2	267	343							
5056	20	54	0	1	13	1	5	5	267	343	67	244	342				
5057	00	54	-8	1	0	1	4	4	54	123	112	169					
5058	00	59	0	1	0	1	8	8	267	99	72	336	89	327	128	342	
5059	00	42	-2	1	13	1	3	2	*293	*123	0						
5060	00	43	-3	1	45	1	2	2	292	342							
5061	00	59	0	1	0	1	9	8	345	341	99	65	407	294	375	336	0
5062	00	59	0	1	13	1	7	7	267	99	389	70	336	89	211		
5063	00	56	0	1	45	1	2	2	102	15							
5064	00	59	0	1	13	1	6	6	293	123	65	206	86	342			
5065	00	59	0	1	0	1	4	3	0	99	192	342					
5066	00	59	0	1	0	1	3	2	0	348	342						
5067	00	43	-4	1	0	1	6	5	293	123	389	53	*072	0			
5068	00	59	0	1	11	1	5	3	0	*067	53	342	0				
5069	00	43	-4	1	0	2	3	3	127	347	342						
5070	00	59	0	1	13	1	4	4	395	99	104	169					
5071	00	59	0	1	351	1	4	3	0	204	112	342					
5072	00	43	-8	1	0	1	2	2	327	342							
5073	10	59	0	1	0	5	3	3	87	391	87						
5073	20	59	0	1	13	1	7	7	364	51	130	99	67	244	342		
5074	00	59	0	1	0	1	9	9	*076	402	53	67	72	342	17	407	169
5076	10	59	0	1	351	1	6	5	0	343	204	245	347	342			
5076	29	59	0	1	361	0	0	0									
5077	00	59	0	1	13	1	3	3	328	86	15						
5078	00	59	0	1	0	1	6	6	261	186	307	97	249	336			
5080	00	59	0	1	13	1	5	5	173	99	102	53	342				
5081	00	59	0	1	41	1	6	6	387	171	59	112	197	342			
5083	00	59	0	1	13	1	5	4	0	*387	*067	72	139				
5084	00	59	0	1	13	1	6	6	267	99	72	403	87	*342			
5085	00	59	0	1	0	1	5	5	391	99	336	256	342				
5086	00	59	0	1	13	1	6	6	402	195	343	65	342	1			
5087	00	59	0	1	13	1	4	4	70	327	128	342					
5088	00	59	0	1	0	1	3	3	221	127	344						
5089	00	59	0	1	13	1	3	3	336	89	211						
5090	00	59	0	1	13	1	8	8	261	134	86	99	65	249	169	342				
5091	00	59	0	1	13	1	4	4	270	99	389	*066								
5092	00	59	0	1	13	1	3	2	411	*237	0									
5093	00	59	0	1	13	1	2	2	102	15										
5094	00	59	0	1	13	1	2	2	17	254										
5096	00	59	0	1	0	1	12	12	341	28	381	252	99	389	70	336	89	407	87	169
5099	00	59	0	1	0	1	3	3	41	226	254									
5100	00	59	0	1	0	1	4	4	150	123	104	169								
5101	00	50	0	1	0	1	7	7	87	284	342	98	178	389	15					
5102	00	59	0	1	13	1	4	4	86	210	267	402								
5103	00	59	0	1	0	3	1	1	403											
5104	00	59	0	1	13	9	2	1	0	71										
5105	00	59	0	1	0	1	3	3	178	389	15									
5107	00	59	0	1	13	1	4	3	0	293	245	342								
5108	00	59	0	1	0	1	5	4	150	123	89	89	0							
5109	00	59	0	1	351	1	7	5	0	402	123	51	130	149	0					
5110	00	59	0	1	13	1	3	2	387	65	0								
5114	00	59	0	1	0	1	6	6	53	67	336	89	18	211					
5115	00	59	0	1	0	1	5	4	0	99	249	162	342						
5119	01	59	0	1	14	1	2	2	391	99									
5119	02	59	0	1	14	1	4	4	102	287	342	242							
5120	00	59	0	1	13	1	2	2	292	342									
5123	00	59	0	1	11	1	3	3	249	167	12								
5124	00	59	0	1	13	1	4	4	244	51	130	176							
5201	00	40	0	2	0	1	2	2	102	25									
5203	01	40	-5	2	0	1	2	2	102	190									
5203	02	40	-5	2	0	3	1	1	374										
5204	01	40	0	2	0	1	2	2	102	190									
5204	02	40	0	2	0	3	1	1	374										
5205	10	40	-3	2	0	1	11	11	*389	171	59	182	293	51	130	149	249	169	342
5205	29	40	-3	2	361	0	0	0											
5206	00	46	0	2	0	1	3	3	373	341	342								
5207	10	56	0	2	0	1	5	5	210	169	99	67	211	
5207	29	56	0	2	11	0	0	0						
5208	10	56	0	2	0	1	5	5	210	169	99	67	211	
5208	29	56	0	2	11	0	0	0						
5209	10	56	-3	2	0	1	5	5	210	169	99	67	211	
5209	29	56	-3	2	11	0	0	0						
5210	10	56	-3	2	0	1	5	5	210	169	99	67	211	
5210	29	56	-3	2	11	0	0	0						
5211	00	56	-2	2	0	1	6	6	389	65	249	169	342	176
5212	10	56	0	2	0	1	5	5	210	169	99	67	211	
5212	29	56	0	2	11	0	0	0						
5213	10	56	0	2	0	1	5	5	210	169	99	67	211	
5213	29	56	0	2	11	0	0	0						
5214	10	56	0	2	0	1	5	5	210	169	99	67	211	
5214	29	56	0	2	11	0	0	0						
5215	10	56	0	2	0	1	5	5	210	169	99	67	211	
5215	29	56	0	2	11	0	0	0					
5216	10	56	0	2	0	1	5	5	210	169	99	67	211
5216	29	56	0	2	11	0	0	0					
5217	10	56	0	2	0	1	5	5	210	169	99	67	211
5217	29	56	0	2	11	0	0	0					
5218	10	56	0	2	0	1	5	5	210	169	99	67	211
5218	29	56	0	2	11	0	0	0					
5219	10	56	0	2	0	1	5	5	210	169	99	67	211
5219	29	56	0	2	11	0	0	0					
5220	10	56	0	2	0	1	5	5	210	169	99	67	211
5220	29	56	0	2	11	0	0	0					
5221	00	56	0	2	0	1	3	2	373	48	0		
5222	10	53	-3	2	0	1	4	4	65	249	162	342	
5222	20	53	-3	2	441	1	2	2	89	328			
5223	10	42	-13	2	0	1	4	4	65	249	162	342	
5223	20	42	-13	2	441	1	2	2	89	328			
5225	00	42	0	2	0	1	3	2	0	87	261								
5226	00	59	0	2	0	1	5	5	53	171	59	342	176						
5227	10	42	-10	2	0	1	11	11	389	171	59	182	293	*051	*130	149	249	169	342
5227	29	42	-10	2	361	0	0	0											
5228	00	40	-8	2	0	1	3	2	219	209	0								
5229	10	40	-6	2	0	1	11	11	*389	171	59	182	293	51	130	149	249	169	342
5229	29	40	-6	2	361	0	0	0											
5230	10	40	-8	2	0	1	11	11	389	171	59	182	293	51	130	149	249	169	342
5230	29	40	-8	2	361	0	0	0											
5231	00	43	-4	2	0	1	6	6	389	65	249	169	342	176					
5232	00	43	-5	2	0	1	6	6	389	65	249	169	342	176					
5233	00	59	0	2	0	1	4	2	0	343	*008	0							
5234	10	40	-8	2	0	1	11	11	389	171	59	182	293	*051	*130	149	249	169	342
5234	29	40	-8	2	361	0	0	0											
5235	00	59	0	2	999	1	4	3	0	249	162	342							
5236	00	42	-7	2	0	1	5	5	53	171	59	342	176						
5237	10	42	-9	2	11	1	5	5	267	99	67	135	342
5237	20	42	-9	2	11	1	4	4	65	59	48	342	
5238	10	42	-9	2	11	1	5	5	267	99	67	135	342
5238	20	42	-9	2	11	1	4	4	65	59	48	342	
5239	10	42	-9	2	11	1	5	5	267	99	67	135	342
5239	20	42	-9	2	11	1	4	4	65	59	48	342	
5240	10	42	-9	2	11	1	5	5	267	99	67	135	342
5240	20	42	-9	2	11	1	4	4	65	59	48	342	
5241	10	42	-9	2	999	1	3	2	0	135	342		
5241	20	42	-9	2	999	9	1	0	0				
5242	10	59	0	2	0	1	3	3	178	389	15		
5242	29	59	0	2	442	0	0	0					
5243	10	42	-11	2	0	1	4	4	337	294	15	176	
5243	29	42	-11	2	852	0	0	0					
5244	10	42	-11	2	0	1	4	4	337	294	15	176	
5244	29	42	-11	2	852	0	0	0					
5245	10	40	-9	2	0	1	3	3	178	389	15								
5245	29	40	-9	2	442	0	0	0											
5246	10	59	0	2	0	1	6	5	389	171	59	182	293	0					
5246	29	59	0	2	361	0	0	0											
5249	10	40	-9	2	0	1	3	2	204	0	176								
5249	29	40	-9	2	361	0	0	0											
5250	10	45	-12	2	0	1	3	3	*103	403	342								
5250	20	45	-12	2	0	1	2	2	328	59									
5251	10	42	-3	2	0	1	3	3	178	389	15								
5251	29	42	-3	2	442	0	0	0											
5252	10	42	-12	2	0	1	4	4	67	135	347	342							
5252	20	42	-12	2	851	1	2	2	345	328									
5253	10	59	0	2	0	1	11	11	389	171	59	182	293	51	130	149	249	162	342
5253	29	59	0	2	361	0	0	0											
5254	10	40	-16	2	0	1	4	4	263	343	113	342							
5254	20	40	-16	2	0	1	6	6	177	197	192	341	89	328					
5255	10	40	-10	2	0	1	3	3	178	389	15								
5255	29	40	-10	2	442	0	0	0											
5256	10	40	-5	2	0	1	11	11	389	171	59	182	293	51	130	149	249	169	342
5256	29	40	-5	2	361	0	0	0											
5257	10	40	-7	2	0	1	3	2	67	135	0								
5257	20	40	-7	2	851	1	2	2	345	328									
5259	00	40	-6	2	0	1	6	6	*389	65	249	169	342	176					
5260	10	40	-11	2	0	9	2	1	204	0									
5260	29	40	-11	2	361	0	0	0											
5261	00	47	-9	2	0	1	5	5	150	123	67	244	342						
5262	10	59	0	2	0	1	5	5	210	169	99	67	211						
5262	29	59	0	2	11	0	0	0											
5263	10	41	-5	2	0	1	5	5	47	48	8	342	176						
5263	29	41	-5	2	851	0	0	0											
5264	10	41	0	2	0	1	5	5	267	99	67	294	342						
5264	20	41	0	2	23	1	2	2	87	328									
5265	00	59	0	2	0	5	3	3	373	48	373			
5266	00	49	-9	2	0	2	2	2	373	342				
5267	00	59	0	2	0	5	3	3	373	48	373			
5268	00	59	0	2	0	1	3	3	48	*342	*176			
5269	10	54	-1	2	0	1	3	3	409	96	171			
5269	20	54	-1	2	0	1	2	2	89	328				
5270	10	54	-3	2	0	1	4	4	175	176	211	176		
5270	20	54	-3	2	0	1	2	2	87	328				
5271	10	54	-3	2	0	1	2	2	40	176				
5271	20	54	-3	2	0	1	2	2	95	328				
5274	10	59	0	2	0	1	5	5	245	245	307	342	176	
5274	20	59	0	2	0	2	2	2	89	328				
5275	00	59	0	2	0	1	6	6	389	65	249	169	342	176
5276	10	59	0	2	0	1	5	5	65	249	169	342	176	
5276	20	59	0	2	0	1	2	2	89	328				
5277	10	59	0	2	0	1	4	4	70	48	342	176		
5277	20	59	0	2	0	2	2	2	95	328			
5278	10	59	0	2	0	1	4	3	150	123	67	0	
5278	20	59	0	2	0	2	2	2	89	328			
5279	10	59	0	2	0	1	3	3	25	245	245		
5279	29	59	0	2	442	0	0	0					
5280	10	59	0	2	0	1	3	3	204	112	342		
5280	29	59	0	2	361	0	0	0					
5281	10	59	0	2	0	9	2	1	0	375			
5281	20	59	0	2	0	9	2	1	0	328			
5282	10	59	0	2	0	1	4	4	204	230	342	176	
5282	29	59	0	2	442	0	0	0					
5283	10	59	0	2	0	1	5	5	67	72	342	388	176
5283	20	59	0	2	0	1	3	3	89	328	28		
5284	10	59	0	2	0	1	3	3	178	389	15		
5284	29	59	0	2	442	0	0	0					
5285	10	59	0	2	0	1	3	3	379	307	176		
5285	20	59	0	2	0	1	2	2	87	328			
5286	10	59	0	2	0	1	4	4	65	249	162	342	
5286	20	59	0	2	441	1	2	2	89	328			
5287	00	59	0	2	0	1	5	4	0	249	169	342	176
5288	10	59	0	2	0	1	4	4	70	53	48	342	
5288	29	59	0	2	32	0	0	0					
5289	10	59	0	2	0	1	4	4	67	135	347	342	
5289	20	59	0	2	851	1	2	2	345	328			
5291	10	59	0	2	0	1	3	2	53	67	0		
5291	20	59	0	2	0	9	2	1	89	0			
5292	10	59	0	2	0	1	5	5	336	51	8	342	176
5292	20	59	0	2	0	1	2	2	95	328			
5293	10	59	0	2	0	1	3	3	48	193	342		
5293	20	59	0	2	0	1	2	2	87	328			
5296	10	59	0	2	0	3	1	1	137				
5296	20	59	0	2	0	1	3	3	178	389	15		
5297	00	41	0	2	0	1	5	4	0	249	169	342	176
5298	00	59	0	2	13	9	2	1	373	0			
5299	10	54	0	2	0	1	4	4	391	123	216	254	
5299	29	54	0	2	730	0	0	0					
5300	00	59	0	2	371	1	5	5	67	204	*112	342	176
5301	10	59	0	2	361	1	2	2	40	176			
5301	29	59	0	2	150	0	0	0					
5302	10	59	0	2	910	1	2	2	67	211			
5302	20	59	0	2	910	1	2	2	95	328			
5303	10	59	0	2	0	2	3	3	391	99	40		
5303	20	59	0	2	0	2	3	3	167	87	328		
5304	00	59	0	2	0	2	2	2	253	230			
5305	10	58	0	2	0	1	5	5	127	342	176	403	340
5305	29	58	0	2	367	0	0	0					
5306	00	59	0	2	0	1	3	3	373	342	176		
5308	00	59	0	2	0	1	4	4	103	403	342	176	
5309	00	59	0	2	0	1	4	3	153	153	*048	0	
5310	10	59	0	2	0	1	5	5	293	123	343	102	169
5310	20	59	0	2	441	1	2	2	89	328			
5311	10	59	0	2	0	1	4	3	0	135	347	342	
5311	20	59	0	2	851	1	2	2	345	328			
5312	00	59	0	2	0	3	1	1	127				
5313	00	59	0	2	0	3	1	1	127				
5314	00	59	0	2	0	3	1	1	127				
5315	00	59	0	2	0	3	1	1	127				
5316	00	59	0	2	0	3	1	1	127				
5317	10	59	0	2	0	1	5	5	*065	72	78	*347	342
5317	20	59	0	2	999	2	2	2	87	328			
5318	10	59	0	2	0	1	5	5	*065	72	78	347	342
5318	20	59	0	2	0	1	2	2	87	328			
5319	10	59	0	2	0	2	3	2	149	59	0		
5319	20	59	0	2	0	2	2	2	89	328			
5320	10	59	0	2	0	1	3	3	177	307	284	
5320	20	59	0	2	0	1	3	3	171	59	211	
5321	10	59	0	2	0	1	3	3	59	66	176	
5321	20	59	0	2	0	1	2	2	89	328		
5322	10	59	0	2	0	1	3	3	*391	104	162	
5322	20	59	0	2	0	1	2	2	89	328		
5323	10	59	0	2	0	1	3	3	65	71	176	
5323	20	59	0	2	0	2	2	2	87	328		
5324	10	59	0	2	0	1	3	2	267	402	0	
5324	20	59	0	2	0	1	3	3	403	87	342	
5325	10	59	0	2	0	1	4	2	0	391	99	0
5325	20	59	0	2	0	2	3	3	280	328	342	
5326	10	59	0	2	0	1	3	3	54	254	176	
5326	29	59	0	2	975	0	0	0				
5327	10	59	0	2	0	1	2	2	397	233		
5327	20	59	0	2	0	1	2	2	87	328		
5328	00	59	0	2	0	1	4	3	48	0	149	342		
5329	10	59	0	2	131	3	1	1	177					
5329	20	59	0	2	0	1	6	5	186	173	86	99	67	0
5331	00	59	0	2	0	1	2	2	102	*025				
5332	10	59	0	2	0	1	4	3	0	230	53	342		
5332	29	59	0	2	442	0	0	0						
5333	10	59	0	2	0	1	2	2	102	25				
5333	29	59	0	2	851	0	0	0						
5334	10	59	0	2	0	1	3	2	67	135	0			
5334	20	59	0	2	0	1	2	2	345	328				
5335	10	59	0	2	0	2	3	3	136	193	342			
5335	20	59	0	2	0	2	2	2	89	328				
5336	10	59	0	2	0	1	3	3	136	193	342			
5336	20	59	0	2	0	1	2	2	87	328				
5337	10	59	0	2	371	2	5	5	150	123	67	244	342	
5337	20	59	0	2	371	2	2	2	89	328				
5339	00	59	0	2	0	1	3	2	0	48	373	
5340	10	59	0	2	0	1	4	4	*175	230	53	342
5340	29	59	0	2	442	0	0	0				
5341	00	57	0	2	0	1	3	3	375	375	342	
5401	10	53	-7	3	0	1	2	2	142	149		
5401	20	53	-7	3	0	1	4	4	119	87	342	176
5402	10	53	-4	3	0	2	4	4	67	244	149	342
5402	20	53	-4	3	0	2	2	2	87	328		
5403	10	59	0	3	0	9	2	1	0	176		
5403	20	59	0	3	0	9	2	1	0	176		
5404	00	45	-12	3	0	1	3	3	249	169	342	
5405	10	42	-12	3	0	1	3	3	48	342	176	
5405	20	42	-12	3	0	1	2	2	95	328		
5406	10	59	0	3	0	1	2	2	73	176		
5406	20	59	0	3	0	1	2	2	95	328		
5407	10	42	-12	3	0	1	3	3	48	342	176	
5407	20	42	-12	3	0	1	2	2	89	328	
5407	39	42	-12	3	831	0	0	0			
5408	10	42	-12	3	0	1	3	2	48	*342	0
5408	20	42	-12	3	0	1	2	2	89	328	
5408	39	42	-12	3	831	0	0	0			
5409	10	42	-12	3	0	1	3	3	48	342	176
5409	20	42	-12	3	0	1	2	2	89	328	
5409	39	42	-12	3	831	0	0	0			
5410	10	42	-12	3	0	1	2	2	287	402	
5410	20	42	-12	3	0	1	2	2	87	328	
5411	10	42	-12	3	0	1	3	3	48	342	176
5411	20	42	-12	3	0	1	2	2	89	328	
5411	39	42	-12	3	831	0	0	0			
5412	10	42	-13	3	0	1	3	3	48	342	176
5412	20	42	-13	3	0	1	2	2	89	328	
5412	39	42	-13	3	831	0	0	0			
5413	10	42	-13	3	0	1	3	3	48	342	176
5413	20	42	-13	3	0	1	2	2	89	328	
5413	30	42	-13	3	0	1	2	2	89	328	
5414	10	45	-13	3	0	1	3	2	0	342	176
5414	20	45	-13	3	0	1	2	2	*086	328	
5414	39	45	-13	3	831	0	0	0			
5415	10	45	-14	3	0	1	3	2	48	342	0
5415	20	45	-14	3	0	1	2	2	87	328	
5415	39	45	-14	3	831	0	0	0			
5416	10	42	-13	3	0	1	3	3	48	342	176
5416	20	42	-13	3	0	1	2	2	89	328	
5416	39	42	-13	3	831	0	0	0			
5417	10	59	0	3	0	9	2	1	245	0	
5417	20	59	0	3	0	9	2	1	307	0	
5418	10	42	-12	3	0	2	2	2	287	402	
5418	20	42	-12	3	0	1	2	2	95	328	
5419	10	42	-12	3	0	1	3	3	48	342	176
5419	20	42	-12	3	0	1	2	2	89	328	
5420	10	45	-13	3	0	1	3	2	48	342	0
5420	20	45	-13	3	0	1	2	2	87	328	
5421	10	42	-15	3	0	2	3	3	48	342	176
5421	20	42	-15	3	0	1	2	2	89	328	
5422	10	42	-15	3	0	2	3	3	48	342	176
5422	20	42	-15	3	0	1	2	2	89	328	
5423	10	42	-15	3	0	2	3	3	48	342	176
5423	20	42	-15	3	0	1	2	2	89	328	
5425	10	42	-15	3	0	1	3	3	*048	342	176
5425	20	42	-15	3	0	1	2	2	89	*328	
5426	10	42	-15	3	0	1	3	3	48	342	176
5426	20	42	-15	3	0	1	2	2	95	328	
5427	10	42	-19	3	0	1	3	3	48	342	176
5427	20	42	-19	3	0	1	2	2	95	328	
5428	10	59	0	3	0	9	2	1	0	342		
5428	20	59	0	3	0	9	2	1	0	328		
5429	10	43	-19	3	0	9	1	0	0			
5429	20	43	-19	3	0	1	2	2	*087	328		
5430	10	45	-15	3	0	1	3	3	48	342	176	
5430	20	45	-15	3	0	1	2	2	95	328		
5431	10	42	-16	3	0	2	4	4	258	347	342	176
5431	29	42	-16	3	361	0	0	0				
5432	10	42	-16	3	0	1	3	3	48	342	176	
5432	20	42	-16	3	0	1	2	2	95	328		
5433	10	59	0	3	0	1	3	3	48	342	176	
5433	20	59	0	3	0	1	2	2	95	328		
5434	10	42	-12	3	0	1	3	3	48	342	176	
5434	20	42	-12	3	0	1	2	2	89	328		
5434	39	42	-12	3	831	0	0	0				
5436	10	42	-12	3	0	1	2	2	287	402		
5436	20	42	-12	3	0	1	2	2	89	328	
5437	10	42	-12	3	0	1	3	3	48	342	176
5437	20	42	-12	3	0	1	2	2	89	328	
5437	39	42	-12	3	831	0	0	0			
5438	10	42	-12	3	0	1	3	2	0	342	176
5438	20	42	-12	3	0	9	2	1	89	0	
5440	10	59	0	3	0	1	3	3	48	342	176
5440	20	59	0	3	0	2	2	2	95	328	
5441	10	45	-12	3	0	1	3	2	103	403	0
5441	20	45	-12	3	0	9	2	1	87	0	
5442	10	42	-12	3	0	1	3	3	48	342	176
5442	20	42	-12	3	0	1	2	2	89	328	
5443	10	42	-12	3	0	1	3	2	48	342	0
5443	20	42	-12	3	0	1	2	2	87	328	
5444	10	59	0	3	910	1	2	2	138	176	
5444	20	59	0	3	910	1	2	2	87	328	
5446	10	59	0	3	0	1	3	2	0	342	176
5446	20	59	0	3	0	9	2	1	89	0	
5447	10	42	-13	3	0	1	3	3	48	342	176
5447	20	42	-13	3	0	1	2	2	95	328	
5449	10	45	-15	3	0	1	3	3	48	342	*176
5449	20	45	-15	3	0	1	2	2	*089	328	
5450	10	42	-12	3	0	1	3	3	171	59	211
5450	20	42	-12	3	0	1	2	2	95	328	
5451	10	45	-15	3	0	1	3	2	0	342	176
5451	20	45	-15	3	0	9	2	1	89	0	
5452	10	42	-10	3	0	1	3	3	103	403	342
5452	20	42	-10	3	0	1	2	2	89	328	
5453	10	40	-17	3	0	1	3	3	307	387	342
5453	29	40	-17	3	361	0	0	0			
5453	39	40	-17	3	831	0	0	0			
5454	10	59	0	3	0	2	3	3	*103	403	*342
5454	20	59	0	3	0	1	2	2	87	328			
5455	10	59	0	3	0	9	2	1	0	342			
5455	20	59	0	3	0	2	2	2	95	328			
5456	10	59	0	3	0	2	3	2	0	342	176		
5456	20	59	0	3	0	9	2	1	0	328			
5457	10	42	-14	3	0	1	3	3	48	342	176		
5457	20	42	-14	3	0	1	2	2	89	328			
5457	39	42	-14	3	831	0	0	0					
5458	10	45	-14	3	0	1	3	3	48	342	176		
5458	20	45	-14	3	0	9	2	1	*089	0			
5459	10	42	-17	3	0	2	4	4	258	347	342	176	
5459	29	42	-17	3	361	0	0	0					
5460	10	41	-6	3	0	1	5	5	173	59	342	347	176
5460	20	41	-6	3	0	1	3	3	95	328	59		
5461	10	41	-6	3	0	1	5	5	173	59	347	342	176
5461	20	41	-6	3	0	1	3	3	95	328	59		
5462	10	59	0	3	0	3	1	1	326		
5462	20	59	0	3	0	2	3	3	104	369	342
5463	10	41	-7	3	0	3	1	1	59		
5463	20	41	-7	3	0	1	2	2	102	15	
5464	10	42	-16	3	0	1	3	3	48	342	176
5464	20	42	-16	3	0	1	2	2	87	328	
5466	10	59	0	3	0	1	3	3	53	347	342
5466	20	59	0	3	0	1	2	2	87	328	
5466	39	59	0	3	831	0	0	0			
5467	10	44	-10	3	0	3	1	1	326		
5467	20	44	-10	3	0	2	3	3	104	368	342
5469	00	42	-10	3	0	1	3	3	72	216	254
5470	00	42	-12	3	0	1	3	3	103	403	342
5471	10	54	-4	3	0	1	3	3	177	307	149
5471	20	54	-4	3	0	1	3	3	76	343	224
5471	30	54	-4	3	831	1	2	2	95	328	
5471	49	54	-4	3	511	0	0	0				
5472	10	54	-1	3	930	1	3	3	286	87	15	
5472	20	54	-1	3	930	1	2	2	87	328		
5473	10	59	0	3	0	1	4	4	67	244	342	176
5473	20	59	0	3	0	2	2	2	328	28		
5474	10	54	-4	3	0	2	3	3	403	87	342	
5474	20	54	-4	3	0	1	2	2	89	328		
5475	00	54	-1	3	0	2	3	3	102	59	342	
5476	10	54	-6	3	0	1	4	4	391	123	124	342
5476	20	54	-6	3	0	1	2	2	87	328		
5476	39	54	-6	3	831	0	0	0				
5477	10	59	0	3	0	2	2	2	60	176		
5477	29	59	0	3	831	0	0	0				
5478	10	59	0	3	0	1	3	3	72	216	254	
5478	20	59	0	3	0	1	2	2	89	328		
5479	10	59	0	3	0	1	4	4	67	244	149	342
5479	20	59	0	3	0	2	2	2	87	328		
5480	10	59	0	3	0	2	3	3	86	267	89	
5480	20	59	0	3	0	2	3	3	124	51	342	
5481	10	59	0	3	0	1	4	4	67	244	342	176
5481	20	59	0	3	0	1	2	2	28	328		
5482	10	59	0	3	0	9	2	1	0	284		
5482	20	59	0	3	0	2	3	2	409	*094	0	
5483	10	59	0	3	930	9	1	0	0			
5483	20	59	0	3	930	1	2	2	87	328		
5484	10	59	0	3	831	1	2	2	328	59		
5484	29	59	0	3	831	0	0	0				
5484	39	59	0	3	831	0	0	0				
5484	49	59	0	3	831	0	0	0				
5485	10	59	0	3	0	2	2	2	142	149		
5485	20	59	0	3	0	1	4	4	119	87	342	176
5486	10	59	0	3	0	1	2	2	142	149		
5486	20	59	0	3	0	1	4	4	*119	87	342	176	
5487	00	59	0	3	0	1	5	5	72	87	403	342	176
5488	00	59	0	3	0	1	4	3	0	*244	342	176	
5489	00	59	0	3	0	9	2	1	*217	0			
5490	10	59	0	3	0	1	5	5	48	47	379	245	245
5490	20	59	0	3	0	1	2	2	307	267			
5490	30	59	0	3	0	1	2	2	87	328			
5490	49	59	0	3	831	0	0	0					
5492	10	59	0	3	0	1	4	2	0	51	130	0	
5492	20	59	0	3	0	9	2	1	95	0			
5494	10	59	0	3	0	1	3	3	177	307	284		
5494	20	59	0	3	0	1	2	2	67	12			
5495	10	59	0	3	0	1	3	3	*109	245	245		
5495	20	59	0	3	0	1	2	2	89	328			
5496	10	59	0	3	371	1	2	2	72	211			
5496	20	59	0	3	371	1	2	2	89	328			
5497	10	59	0	3	0	1	5	5	336	244	193	12	176		
5497	20	59	0	3	0	1	2	2	95	328					
5498	10	59	0	3	0	1	4	4	119	87	342	176			
5498	20	59	0	3	0	1	2	2	87	328					
5499	10	59	0	3	0	1	3	3	48	342	176				
5499	20	59	0	3	0	1	2	2	89	328					
5499	39	59	0	3	831	0	0	0							
5501	00	59	0	4	0	9	2	1	217	0					
5504	00	59	0	4	0	3	1	1	307						
5505	00	59	0	4	0	2	3	3	87	155	169				
5506	00	59	0	4	0	1	2	2	6	97					
5507	00	50	0	4	0	2	7	6	267	*099	87	403	72	59	0
5508	00	50	0	4	0	2	4	4	267	99	194	342			
5510	01	50	0	4	0	1	3	2	0	*018	169				
5510	02	50	0	4	0	1	2	2	186	17					
5511	00	50	0	4	0	3	1	1	102						
5513	00	58	0	4	0	3	1	1	*102				
5514	00	58	0	4	0	3	1	1	100				
5515	10	58	0	4	0	3	1	1	102				
5515	20	58	0	4	0	1	3	2	0	373	12		
5516	00	58	0	4	0	1	3	2	0	169	342		
5517	00	58	0	4	0	3	1	1	102				
5518	00	58	0	4	0	1	4	4	287	102	134	137	
5519	00	58	0	4	0	1	2	2	284	277			
5601	10	42	-6	6	0	1	3	3	*137	102	*169		
5601	20	42	-6	6	0	1	3	3	182	293	342		
6104	01	64	1	1	0	1	2	2	345	51			
6104	02	64	1	1	0	2	3	3	59	*127	342		
6108	01	62	8	1	11	1	2	2	216	123			
6108	02	62	8	1	11	1	5	5	65	*294	176	211	93
6109	00	62	12	1	11	1	2	2	328	307			
6111	00	62	7	1	0	1	5	5	107	17	87	391	87
6112	01	62	7	1	0	1	2	2	267	99				
6112	02	62	7	1	0	1	3	3	67	244	342			
6113	01	62	7	1	620	1	6	6	234	342	343	225	87	261
6113	02	62	7	1	620	3	1	1	93					
6114	00	62	7	1	45	1	3	3	267	99	28			
6115	01	62	10	1	45	1	3	3	373	162	402			
6115	02	62	10	1	45	1	3	3	87	162	127			
6116	01	62	7	1	351	1	6	6	261	134	98	99	87	60
6116	02	62	7	1	351	1	4	4	100	329	*028	162		
6118	01	64	-7	1	720	3	1	1	149					
6118	02	64	-7	1	720	2	2	2	12	93				
6120	00	62	10	1	71	1	4	4	150	123	228	342		
6121	00	64	-4	1	149	2	2	2	326	342				
6122	01	62	8	1	12	1	2	2	8	342				
6122	02	62	8	1	12	3	1	1	1					
6123	00	62	9	1	13	1	4	4	244	162	176	401		
6124	01	62	8	1	13	1	5	5	267	99	65	62	342					
6124	02	62	8	1	13	3	1	1	93									
6125	00	61	14	1	11	1	10	10	95	78	402	99	9	8	342	17	407	169
6126	00	62	7	1	13	1	6	5	293	123	171	59	48	0				
6127	00	62	8	1	13	1	6	6	67	336	89	387	72	12				
6128	00	62	9	1	13	1	3	3	249	169	342							
6129	00	62	10	1	13	1	6	6	267	99	87	59	70	342				
6130	00	62	7	1	13	1	3	3	351	402	98							
6131	00	62	15	1	13	3	1	1	139									
6132	00	62	11	1	13	1	6	6	343	180	99	341	17	342				
6133	00	62	10	1	13	1	6	6	293	123	86	250	93	404				
6201	00	62	9	1	13	1	5	5	307	*158	343	124	342					
6202	01	62	8	1	13	1	4	4	65	67	342	12						
6202	02	62	8	1	13	3	1	1	93									
6203	01	62	7	1	13	1	5	5	104	149	267	99	93					
6203	02	62	7	1	13	1	3	3	103	403	*162							
6204	01	62	8	1	11	1	5	5	267	99	65	62	342		
6204	02	62	8	1	11	3	1	1	93						
6205	01	62	-3	1	13	1	4	3	0	62	342	1			
6205	02	62	-3	1	13	1	3	3	212	212	267				
6206	00	62	10	1	13	1	5	5	267	99	387	65	211		
6207	00	61	15	1	999	1	7	7	267	99	53	67	336	89	211
6208	00	61	17	1	0	1	3	2	391	99	0				
6209	00	64	-1	1	13	1	2	2	69	15					
6210	00	62	7	1	13	1	5	5	205	373	86	373	12		
6211	00	62	7	1	0	1	4	4	267	99	87	60			
6213	00	62	7	1	13	1	4	4	86	293	176	342			
6214	00	62	9	1	13	1	4	4	267	99	102	162			
6215	00	62	10	1	13	1	6	5	67	336	89	387	59	0	
6216	00	62	15	1	13	1	5	4	267	99	86	*216	0		
6217	00	61	14	1	13	1	5	5	267	99	387	72	211		
6218	01	62	8	1	13	1	4	4	*387	375	375	342			
6218	02	62	8	1	13	3	1	1	93						
6219	00	62	10	1	13	1	7	6	267	99	87	59	67	8	0
6220	01	62	10	1	11	1	5	5	293	123	98	67	*060		
6220	02	62	10	1	11	1	3	3	17	245	249				
6221	00	62	11	1	13	1	5	4	353	123	87	59	0		
6222	00	62	9	1	13	1	5	5	293	123	343	102	190		
6223	00	62	10	1	13	1	5	5	341	197	123	406	162		
6224	00	62	8	1	13	1	5	5	267	99	87	48	342		
6225	00	61	14	1	13	1	2	2	121	14					
6226	00	62	11	1	13	1	3	3	65	135	342				
6227	00	62	10	1	13	1	6	6	198	302	343	72	387	342	
6228	00	62	7	1	13	1	4	4	67	8	342	12			
6229	00	62	4	1	13	1	7	7	104	149	180	99	403	87	342
6230	00	62	9	1	13	1	5	5	186	293	99	109	342		
6231	00	62	10	1	13	1	7	7	293	123	343	86	249	162	14
6232	00	62	9	1	13	1	2	2	327	254					
6233	10	62	-1	2	0	1	9	8	0	*059	387	87	59	17	406	162	93
6233	29	62	-1	2	369	0	0	0									
6234	00	62	11	2	0	2	3	3	86	336	321						
6235	00	62	10	2	11	1	2	2	169	342							
6301	00	62	7	4	0	1	2	2	48	342							
6303	00	62	-1	4	0	3	1	1	214								
6304	00	62	-1	4	0	1	3	3	51	155	211						
6305	01	64	-3	4	0	1	2	2	121	342							
6305	02	64	-3	4	0	3	1	1	374								
6306	10	62	9	6	0	1	8	8	109	59	367	380	314	106	18	162	
6306	20	62	9	6	0	1	8	8	*129	287	86	65	67	403	87	342	
6402	01	69	0	1	134	1	6	5	0	327	89	381	28	175			
6402	02	69	0	1	134	2	2	2	180	99							
6402	03	69	0	1	134	1	2	2	29	267							
6403	01	69	0	1	0	1	5	5	87	244	403	180	99				
6403	02	69	0	1	0	1	4	4	87	326	342	93					
6405	00	69	0	1	0	2	2	2	51	*177							
7001	00	79	0	1	0	2	5	5	126	87	373	*328	162				
7002	00	79	0	1	13	1	2	2	104	15							
7004	00	79	0	1	0	2	2	2	226	254							
7005	00	79	0	1	13	1	5	5	267	402	99	124	162				
7006	00	79	0	1	0	1	3	3	248	406	169						
7007	00	79	0	1	0	1	3	3	246	407	169						
7008	00	79	0	1	13	1	4	3	267	*099	*387	0					
7009	00	79	0	1	11	1	7	7	204	230	67	72	336	89	211		
7011	00	79	0	1	0	1	2	2	216	254							
7013	00	79	0	1	0	1	9	9	293	123	387	87	59	294	249	169	342
7015	00	79	0	1	13	1	6	6	18	381	99	72	216	254			
7016	00	79	0	1	0	9	3	2	194	194	0						
7017	00	79	0	1	0	1	7	7	293	77	245	126	97	106	169		
7018	00	79	0	1	0	1	4	3	0	*112	197	342					
7019	00	79	0	1	0	2	3	2	294	17	0						
7020	00	79	0	1	0	1	6	6	249	214	97	258	347	342			
7021	00	79	0	1	0	1	9	9	99	380	123	87	59	72	403	87	*342
7022	00	79	0	1	13	1	3	3	65	222	*254						
7023	00	79	0	1	0	2	5	5	150	*123	*048	*342	176				
7024	00	79	0	1	13	1	6	6	320	32	123	67	53	342			
7025	01	79	0	1	133	1	4	4	162	343	87	60					
7025	02	79	0	1	133	1	2	2	141	272							
7026	00	79	0	1	13	1	8	7	267	99	364	51	130	336	*249	0	
7027	00	79	0	1	0	1	2	2	256	391							
7028	00	79	0	1	45	1	6	6	244	343	72	66	127	168			
7029	00	79	0	1	0	1	2	2	216	342							
7030	00	79	0	1	0	1	3	2	0	347	342						
7031	00	79	0	1	13	1	8	8	18	162	123	72	216	254	97	175	
7032	00	79	0	1	0	1	5	5	17	169	123	102	190				
7034	00	79	0	1	13	2	5	4	0	*041	*304	167	169				
7035	00	79	0	1	13	1	3	3	103	403	342						
7036	00	79	0	1	13	1	4	3	0	17	109	162			
7038	00	79	0	1	13	1	5	5	391	99	87	59	*073		
7039	00	79	0	1	0	2	3	3	17	267	342				
7040	00	79	0	1	0	1	2	2	106	15					
7042	00	79	0	1	0	2	5	5	286	99	47	347	342		
7043	00	79	0	1	13	1	3	3	65	135	342				
7044	01	79	0	1	13	1	6	5	173	98	150	233	99	0	
7044	02	79	0	1	13	1	3	3	217	347	342				
7045	00	79	0	1	13	1	6	6	293	123	343	249	169	342	
7046	00	79	0	1	0	1	3	3	*373	8	*342				
7047	00	79	0	1	13	1	4	4	391	123	25	15			
7048	10	79	0	1	0	3	1	1	103						
7048	20	79	0	1	0	3	1	1	158						
7048	30	79	0	1	0	3	1	1	409						
7048	40	79	0	1	0	3	1	1	59						
7048	50	79	0	1	13	1	7	6	0	386	186	87	59	294	342
7049	00	79	0	1	11	1	3	3	162	249	12			
7050	00	79	0	1	13	1	3	2	0	*342	*001			
7053	00	79	0	1	13	1	3	3	67	8	12			
7054	00	79	0	1	0	1	4	3	267	99	102	0		
7055	10	79	0	1	0	1	4	4	*065	*072	342	223		
7055	29	79	0	1	831	0	0	0						
7056	00	79	0	1	0	1	4	4	65	67	294	342		
7057	00	79	0	1	890	1	4	4	65	72	222	254		
7062	00	79	0	1	0	1	6	6	267	99	375	51	*155	211
7063	00	79	0	1	0	1	4	4	400	344	102	169		
7064	00	79	0	1	0	1	5	4	0	391	252	97	339	
7065	00	79	0	1	0	1	5	5	402	121	121	336	197	
7066	00	79	0	1	11	1	5	5	267	99	72	342	1	
7068	00	79	0	1	0	1	5	5	391	99	67	389	*342	
7069	00	79	0	1	0	1	6	6	391	123	128	342	216	254
7070	00	79	0	1	0	2	2	2	*048	*065				
7072	00	79	0	1	0	1	2	2	107	169						
7073	00	79	0	1	0	1	4	2	0	99	32	0				
7074	00	79	0	1	45	1	5	5	*120	53	99	54	254			
7075	00	79	0	1	0	5	2	2	373	373						
7076	00	79	0	1	351	1	5	4	0	72	342	51	1			
7077	00	79	0	1	0	1	4	4	204	245	342	1				
7078	00	79	0	1	13	1	3	3	205	104	162					
7080	00	79	0	1	13	1	7	7	86	197	99	65	8	342	1	
7081	00	79	0	1	13	1	7	7	361	169	402	123	98	102	190	
7082	00	79	0	1	0	1	5	5	153	153	171	59	211			
7085	00	79	0	1	0	1	4	4	*326	341	336	214				
7086	00	79	0	1	13	2	5	5	100	47	99	98	173			
7088	00	79	0	1	13	1	5	5	267	99	70	348	342			
7089	00	79	0	1	13	1	8	7	0	96	19	99	174	230	53	*342
7090	00	79	0	1	0	1	5	5	267	99	65	222	254			
7092	00	79	0	1	13	1	4	2	0	389	53	0				
7093	00	79	0	1	0	1	3	2	0	415	342					
7094	00	79	0	1	11	1	5	5	258	347	342	98	141			
7095	00	79	0	1	0	2	3	3	267	99	375					
7096	00	79	0	1	13	1	4	4	391	99	86	171				
7097	00	79	0	1	0	1	3	3	403	87	342					
7098	00	79	0	1	0	3	1	1	219							
7099	10	79	0	1	0	2	3	3	197	86	123					
7099	20	79	0	1	0	1	4	3	197	86	123	0				
7100	00	79	0	1	0	2	2	2	292	342						
7101	00	79	0	1	13	1	3	3	72	48	342					
7102	00	79	0	1	13	1	5	5	247	267	99	186	211			
7103	00	79	0	1	13	1	4	3	267	99	67	0				
7104	00	79	0	1	351	1	3	2	0	112	342					
7105	00	79	0	1	0	2	5	5	389	70	99	287	59			
7106	00	79	0	1	0	1	3	3	72	48	342					
7107	00	79	0	1	45	1	8	8	162	267	99	48	342	59	327	254
7111	00	79	0	1	0	1	3	3	284	99	173				
7112	00	79	0	1	0	1	3	3	267	99	113				
7201	10	79	0	2	13	1	4	4	169	169	169	1			
7201	20	79	0	2	999	1	3	2	0	294	342				
7202	00	79	0	2	11	1	3	3	32	249	186				
7203	00	79	0	2	71	1	4	4	267	99	113	342			
7204	00	79	0	2	13	1	5	5	150	123	105	17	169		
7205	00	79	0	2	71	1	4	4	267	99	113	342			
7206	00	79	0	2	71	1	4	4	267	99	113	342			
7207	00	79	0	2	11	1	6	5	293	*403	402	99	65	0	
7209	00	79	0	2	0	9	3	1	0	378	0				
7211	00	79	0	2	0	1	4	3	0	258	347	342			
7212	00	79	0	2	0	1	7	5	0	209	343	98	121	59	0
7213	00	79	0	2	0	9	2	1	0	66					
7214	00	79	0	2	11	1	4	4	*267	99	155	211			
7215	10	79	0	2	0	1	6	5	336	209	343	98	121	0	
7215	20	79	0	2	0	1	6	6	286	99	87	249	162	342		
7216	00	79	0	2	0	1	5	4	0	99	258	347	342			
7217	10	79	0	2	0	1	4	3	0	258	347	342				
7217	20	79	0	2	11	1	3	2	267	99	0					
7217	30	79	0	2	0	1	4	3	0	59	342	1				
7217	40	79	0	2	0	1	3	2	286	99	0					
7218	10	79	0	2	0	1	4	3	0	89	358	342				
7218	20	79	0	2	0	1	5	4	0	99	387	53	342			
7219	10	79	0	2	0	1	5	4	245	245	99	67	0			
7219	20	79	0	2	0	1	4	3	186	293	99	0				
7220	00	79	0	2	0	1	7	7	245	245	99	67	72	59	211	
7221	00	79	0	2	11	1	4	2	0	209	343	0				
7222	00	79	0	2	13	1	3	2	100	17	0					
7223	00	79	0	2	0	1	6	5	286	99	87	249	162	0		
7224	00	79	0	2	0	1	8	8	*336	209	343	98	121	59	342	1
7225	00	79	0	2	13	1	4	3	245	245	99	0				
7227	10	79	0	2	13	1	3	2	336	209	0					
7227	20	79	0	2	11	1	5	3	327	343	0	*081	0			
7227	30	79	0	2	13	9	1	0	0							
7228	00	79	0	2	71	1	4	4	267	99	113	342				
7229	00	79	0	2	71	1	3	2	267	99	0					
7230	00	79	0	2	71	1	4	4	267	99	113	342				
7231	00	79	0	2	71	1	4	4	267	99	113	342				
7232	00	79	0	2	71	1	4	4	267	99	113	342				
7233	00	79	0	2	71	1	4	4	267	99	113	342				
7234	00	79	0	2	71	1	4	4	267	99	113	342				
7235	00	79	0	2	71	1	4	3	267	99	*113	0				
7236	10	79	0	2	0	1	8	8	336	209	343	98	121	59	342	1
7236	20	79	0	2	0	1	4	3	186	293	99	0				
7236	30	79	0	2	41	1	3	2	286	99	0					
7237	10	79	0	2	11	1	3	2	336	209	0					
7237	20	79	0	2	41	1	4	2	0	87	249	0				
7238	00	79	0	2	0	1	5	4	328	299	245	245	0			
7239	00	79	0	2	0	1	8	7	0	209	*343	98	121	59	342	1
7240	00	79	0	2	0	1	4	4	100	17	8	342				
7241	00	79	0	2	13	1	7	6	336	209	343	98	121	*059	0	
7242	00	79	0	2	13	1	8	7	0	209	343	98	121	59	342	1
7243	00	79	0	2	13	1	6	6	*293	*123	104	59	327	342		
7244	00	79	0	2	13	1	5	5	204	245	358	342	12			
7245	00	79	0	2	13	1	3	2	267	99	0					
7246	00	79	0	2	0	1	4	3	0	67	72	211				
7247	10	79	0	2	0	1	5	5	150	123	67	72	211			
7247	20	79	0	2	0	1	5	4	245	245	99	67	0			
7248	10	79	0	2	0	1	6	5	286	99	87	249	162	0		
7248	20	79	0	2	0	1	3	2	267	99	0					
7249	10	79	0	2	11	1	8	8	336	209	343	98	121	59	342	1
7249	20	79	0	2	13	1	3	3	267	99	66					
7251	10	79	0	2	0	1	4	3	186	293	99	0				
7251	20	79	0	2	0	1	3	3	267	99	66					
7252	00	79	0	2	13	1	7	7	245	245	99	67	72	59	211	
7253	10	79	0	2	13	1	8	8	336	209	343	98	121	59	342	1
7253	20	79	0	2	11	9	2	1	0	28						
7253	30	79	0	2	0	1	3	2	286	99	0					
7255	00	79	0	2	11	1	3	3	267	99	66					
7257	00	79	0	2	13	1	4	4	391	99	155	*211				
7258	10	79	0	2	0	1	6	6	186	293	99	*258	347	342		
7258	20	79	0	2	0	1	6	5	336	209	343	98	121	0		
7259	00	79	0	2	0	1	3	2	65	70	0					
7260	00	79	0	2	13	1	3	3	343	*237	81					
7261	00	79	0	2	11	1	6	6	17	81	99	*121	53	342		
7262	10	79	0	2	0	2	5	3	0	99	41	249	0			
7262	20	79	0	2	0	2	5	3	0	99	41	249	0			
7263	10	79	0	2	13	9	3	1	0	67	0					
7263	20	79	0	2	11	1	4	3	150	123	67	0				
7265	00	79	0	2	13	1	8	8	336	209	343	98	121	59	342	1
7266	00	79	0	2	13	1	3	2	336	*028	0					
7267	10	79	0	2	0	1	4	4	72	249	*169	*342				
7267	20	79	0	2	11	1	3	3	267	99	66					
7268	00	79	0	2	13	1	3	2	286	99	0					
7269	00	79	0	2	0	1	3	3	267	99	66					
7270	00	79	0	2	13	1	4	3	391	123	65	0				
7271	00	79	0	2	11	9	2	1	389	0						
7272	00	79	0	2	13	1	3	2	0	53	342					
7273	00	79	0	2	0	1	3	2	0	171	60					
7274	00	79	0	2	13	1	4	4	59	28	336	182				
7275	00	79	0	2	351	1	3	2	0	197	252					
7277	10	79	0	2	0	1	5	5	402	99	70	8	342			
7277	20	79	0	2	0	1	6	5	0	99	59	59	327	342		
7277	30	79	0	2	351	1	6	5	0	*343	67	192	347	342		
7278	00	79	0	2	251	1	4	4	267	99	86	5				
7279	00	79	0	2	11	1	3	3	336	89	211							
7280	00	79	0	2	13	1	6	5	0	249	328	86	217	342				
7281	10	79	0	2	13	9	1	0	0									
7281	20	79	0	2	13	1	4	3	391	0	135	342						
7282	00	79	0	2	11	1	8	7	197	86	59	123	87	60	72	0		
7283	10	79	0	2	0	1	8	7	*293	123	*343	65	51	130	149	0		
7283	20	79	0	2	0	1	4	3	*293	123	343	0						
7301	00	79	0	4	0	1	6	4	209	169	0	*259	347	0				
8001	00	89	0	1	0	2	2	2	149	342								
8002	00	89	0	1	45	1	2	2	303	121								
8003	00	82	0	1	0	1	2	2	51	302								
8004	00	89	0	1	14	2	4	4	216	98	319	342						
8006	00	81	0	1	13	1	10	10	402	99	249	267	402	99	51	130	149	342
8007	00	81	0	1	999	1	3	3	175	341	342							
8008	00	81	0	1	13	1	4	4	89	89	12	274						
8009	00	81	0	1	13	1	4	4	87	244	206	86						
8011	01	89	0	1	111	2	2	2	249	162				
8011	02	89	0	1	111	3	1	1	402					
8012	01	82	0	1	13	1	4	3	244	330	343	0		
8012	02	82	0	1	13	2	2	2	267	94				
8013	00	82	0	1	730	1	2	2	119	12				
8015	01	89	0	1	0	2	3	2	0	109	176			
8015	02	89	0	1	0	2	3	2	0	376	375			
8016	00	81	0	1	0	1	5	5	307	86	99	98	107	
8017	00	81	0	1	13	1	6	6	28	343	387	67	72	211
8018	00	82	0	1	999	1	3	2	92	99	0			
8019	00	82	0	1	13	1	5	4	0	99	112	194	342	
8020	01	82	0	1	14	1	4	4	216	391	267	402		
8020	02	82	0	1	14	2	3	3	341	342	242			
8021	00	82	0	1	13	1	5	5	287	102	59	342	1	
8022	00	82	0	1	22	1	2	2	267	99				
8023	00	82	0	1	0	1	4	4	387	72	48	342		
8024	00	82	0	1	680	1	2	2	102	169						
8025	00	82	0	1	65	1	3	3	267	99	73					
8026	00	82	0	1	13	1	8	8	293	123	343	100	17	81	89	89
8027	00	82	0	1	14	1	2	2	228	342						
8029	00	81	0	1	13	1	6	6	89	391	99	127	127	342		
8030	00	81	0	1	12	2	3	2	0	342	1					
8031	00	82	0	1	262	2	2	2	104	162						
8033	00	82	0	1	0	1	3	3	171	99	278					
8034	00	81	0	1	13	1	5	5	287	373	171	341	342			
8035	00	81	0	1	0	1	4	3	0	*112	342	1				
8036	00	81	0	1	0	9	2	1	0	232						
8037	00	81	0	1	11	1	7	7	160	22	125	59	99	70	211	
8038	00	81	0	1	41	1	7	7	205	395	99	192	343	167	127	
8039	00	82	0	1	312	1	7	7	344	217	344	103	403	347	342	
8040	00	82	0	1	14	1	5	5	17	230	99	356	180			
8041	00	81	0	1	13	1	4	4	102	59	342	*012				
8042	00	82	0	1	131	3	1	1	59								
8043	00	81	0	1	13	1	9	9	343	229	233	59	97	389	48	17	342
8044	01	82	0	1	14	1	2	2	391	123							
8044	02	82	0	1	14	1	3	3	67	342	1						
8045	00	81	0	1	0	1	6	5	0	180	99	48	193	342			
8047	00	81	0	1	11	1	2	2	417	12							
8048	00	81	0	1	31	1	2	2	70	211							
8050	00	81	0	1	13	1	4	4	391	99	102	*012					
8051	00	81	0	1	13	1	5	5	244	343	112	194	342				
8052	00	81	0	1	138	3	1	1	59								
8053	00	82	0	1	0	9	3	1	0	59	0						
8054	00	81	0	1	351	1	4	4	84	127	343	163					
8055	00	81	0	1	0	1	4	4	204	367	342	176					
8056	01	82	0	1	13	1	8	8	192	59	370	308	175	214	342	176	
8056	02	82	0	1	13	1	5	5	287	324	324	287	282				
8058	00	81	0	1	13	1	2	2	106	169							
8059	00	82	0	1	0	1	3	3	89	2	162				
8060	00	89	0	1	11	1	6	4	0	180	99	175	230	0	
8061	00	89	0	1	0	1	2	2	124	12					
8062	00	89	0	1	13	1	7	7	391	99	87	59	70	194	342
8071	01	89	0	1	12	3	1	1	326						
8071	02	89	0	1	12	3	1	1	*342						
8072	00	89	0	1	72	1	7	7	341	127	373	373	267	94	347
8101	10	89	0	2	0	1	6	6	375	202	99	201	342	1	
8101	20	89	0	2	0	1	6	6	*391	99	59	336	89	*211	
8101	30	89	0	2	13	1	7	5	0	162	252	99	175	86	0
8101	40	89	0	2	11	1	5	3	0	32	*205	336	0		
8102	00	82	0	2	31	1	3	2	*327	0	211				
8103	00	81	0	2	351	1	3	2	0	244	176				
8104	10	82	0	2	0	1	5	5	391	99	162	267	342		
8104	29	82	0	2	367	0	0	0							
8105	00	81	0	2	0	1	7	6	0	53	87	341	171	8	342
8106	10	82	0	2	82	1	4	4	267	99	104	*169				
8106	29	82	0	2	352	0	0	0								
8108	00	81	0	2	11	1	8	8	1	1	121	121	99	172	304	307
8109	00	81	0	2	11	1	8	8	1	1	121	121	99	172	304	307
8110	00	81	0	2	11	1	8	8	1	1	121	121	99	172	304	307
8111	00	81	0	2	11	1	8	8	1	1	121	121	99	172	304	307
8112	00	81	0	2	11	1	8	8	1	1	121	121	99	172	304	307
8113	00	81	0	2	11	1	8	8	1	1	121	121	99	172	304	307
8114	10	81	0	2	0	1	5	3	216	0	87	*053	0			
8114	20	81	0	2	14	9	1	0	0							
8114	30	81	0	2	0	9	1	0	0							
8115	00	81	0	2	11	1	8	8	1	1	121	121	99	172	304	307
8116	10	81	0	2	13	9	2	1	0	342						
8116	20	81	0	2	11	1	6	5	267	99	0	373	287	342		
8117	10	89	0	2	0	1	3	3	76	342	176					
8117	20	89	0	2	13	1	2	2	87	328						
8118	10	82	0	2	0	2	3	3	*048	342	176			
8118	20	82	0	2	0	9	2	1	89	0				
8119	10	89	0	2	13	1	6	6	267	99	175	230	53	342
8119	20	89	0	2	13	1	6	6	267	99	175	*230	*053	342
8119	30	89	0	2	13	9	2	1	0	342				
8120	00	89	0	2	13	1	6	6	*391	57	402	123	86	15
8121	01	89	0	2	148	3	1	1	326					
8121	02	89	0	2	148	3	1	1	326					
8122	00	89	0	2	13	1	4	4	267	99	102	162		
8201	00	81	0	4	0	1	4	4	249	167	342	176		
8202	00	81	0	4	0	1	3	3	328	53	342			
8204	00	89	0	4	0	1	2	2	245	342				
8205	00	89	0	4	0	1	2	2	*048	342				
8206	00	89	0	4	0	1	3	2	0	174	342			
8207	00	89	0	4	0	1	3	2	*086	47	0			
8208	00	89	0	4	0	1	3	2	0	342	176			
8209	00	89	0	4	0	3	1	1	47					
8210	00	89	0	4	0	1	4	3	214	87	*059	0		
8211	00	89	0	4	0	3	1	1	*059					
8212	00	89	0	4	0	1	2	2	344	216				
8213	00	89	0	4	0	1	2	2	102	169				
8214	00	89	0	4	0	3	1	1	269					
8215	00	89	0	4	0	1	3	3	121	342	176			
8216	00	89	0	4	0	9	2	1	0	342				
8217	00	89	0	4	0	1	3	2	0	342	1			
8218	00	89	0	4	0	1	2	2	48	342				
8219	00	89	0	4	0	1	5	4	216	123	98	65	0	
8220	00	89	0	4	0	1	3	3	89	375	162			
8221	00	81	0	4	0	1	6	4	0	*087	211	72	102	0
8301	10	82	0	6	0	4	3	2	267	236	0			
8301	20	82	0	6	0	3	1	1	106					
8302	10	82	0	6	0	4	5	5	*267	99	67	342	1	
8302	20	82	0	6	0	3	1	1	313									
9001	00	91	0	1	13	1	5	5	267	99	72	387	342					
9011	00	91	0	1	13	1	10	10	28	249	162	99	65	340	41	245	347	342
9021	10	91	0	1	0	2	3	3	171	60	176							
9021	29	91	0	1	831	0	0	0										
9022	10	91	0	2	13	1	4	4	65	87	284	342						
9022	20	91	0	2	13	1	3	3	112	194	342							
9022	30	91	0	2	0	9	2	1	0	180								
9031	00	91	0	4	0	3	1	1	65									
9041	00	91	0	4	0	1	4	4	*017	293	249	*024						
9042	00	91	0	4	0	3	1	1	146									
9051	00	91	0	4	0	1	8	7	89	32	86	261	343	87	59	0		
9061	00	91	0	4	0	2	2	2	112	169								
9062	00	91	0	4	0	2	2	2	112	169								
9063	00	91	0	4	0	2	2	2	112	169								
9071	00	91	0	1	0	1	8	8	267	99	98	67	72	182	293	342		
9073	00	91	0	2	0	1	5	5	*328	307	99	87	166		
9084	00	91	0	4	0	1	3	2	173	59	0				
9085	00	91	0	4	0	2	3	2	*153	263	0				
9091	00	91	0	1	13	1	6	6	391	28	162	99	104	162	
9092	01	91	0	1	0	1	5	5	343	387	162	123	342		
9092	02	91	0	1	0	3	1	1	219						
9093	00	91	0	4	0	1	3	2	343	*261	0				
9094	00	91	0	4	0	3	1	1	391						
9095	00	91	0	4	0	9	2	1	343	0					
9101	00	91	0	4	0	1	5	5	365	216	342	414	59		
9102	00	91	0	4	0	1	3	3	365	111	342				
9103	00	91	0	4	0	3	1	1	213						
9104	00	91	0	4	0	1	3	3	204	*169	*127				
9111	00	91	0	1	0	1	7	7	336	307	123	48	342	226	254
9121	00	91	0	1	13	1	5	5	267	99	86	325	12		
9201	00	91	0	1	104	1	4	4	43	180	99	66			
9202	00	91	0	1	112	1	2	2	267	99						
9203	00	91	0	1	148	1	2	2	267	99						
9204	01	91	0	1	138	3	1	1	110							
9204	02	91	0	1	138	3	1	1	162							
9205	00	91	0	1	0	1	4	4	150	123	102	190				
9211	00	91	0	2	999	1	8	8	287	136	323	287	15	*176	1	303
9221	00	91	0	4	0	1	3	3	175	180	400					
9701	10	97	0	2	0	1	8	6	0	*336	89	18	211	178	*387	0
9701	20	97	0	2	0	1	5	4	0	53	70	216	254			
9701	30	97	0	2	0	1	6	4	0	*121	51	130	149	0		
9801	00	98	0	1	47	2	8	8	173	10	97	121	185	97	297	57
9811	00	98	0	2	13	1	5	5	29	336	99	104	162			
9821	00	98	0	1	13	1	4	3	0	67	244	342				
9822	00	98	0	1	13	1	8	8	173	403	123	102	59	249	162	342
9832	00	98	0	1	41	1	5	5	254	74	297	184	3			
9833	00	98	0	1	999	1	6	3	0	1	0	157	97	0		
9834	00	98	0	1	0	9	3	1	0	75	0				
9842	00	98	0	1	0	1	3	3	*175	12	*182				
9845	01	98	0	1	41	1	5	4	175	1	0	*059	51		
9845	02	98	0	1	41	3	1	1	374						
9846	00	98	0	1	41	1	5	5	171	387	97	341	107		
9851	00	98	0	1	95	1	5	5	327	*128	162	48	15		
9852	00	98	0	1	45	1	5	5	51	103	345	*307	342		
9901	00	99	0	1	45	1	5	5	178	53	97	342	342		
9902	00	99	0	1	192	1	5	5	*065	1	1	245	245		
9903	00	99	0	1	46	2	7	7	*018	102	59	98	*294	134	89
9904	00	99	0	1	41	1	5	5	11	326	21	21	153		
9905	00	99	0	1	810	2	3	3	59	59	167				
