1004	00	16	-3	1	13	1	7	7	59	127	245	343	75	245	245				
1005	00	17	-7	1	13	1	2	2	296	342									
1006	00	16	-2	1	11	1	11	11	233	81	99	389	65	336	89	87	155	124	169
1008	00	16	-3	1	13	1	8	8	76	402	87	59	67	336	89	211			
1010	00	17	-3	1	13	1	6	6	391	99	48	171	8	342					
1011	00	25	-5	1	13	1	9	9	267	99	67	296	9	342	17	407	169		
1013	00	16	-3	1	13	1	4	4	51	130	149	342							
1014	00	25	-3	1	11	1	7	7	267	99	87	59	67	194	342				
1015	00	20	-2	1	13	1	3	3	197	28	54								
1018	20	17	-2	1	13	1	4	4	17	336	189	252							
1018	10	17	-2	1	0	3	1	1	336										
1019	00	20	-5	1	13	1	5	5	267	99	104	59	211						
1021	00	22	-4	1	13	1	9	9	293	123	345	65	67	51	130	149	342		
1022	00	15	0	1	13	1	5	5	267	99	204	367	342						
1024	00	20	-6	1	13	1	7	7	293	123	343	72	65	8	342				
1025	00	25	-2	1	13	1	2	2	112	169									
1026	00	4	-9	1	11	1	7	7	87	197	87	99	336	347	342
1028	00	24	-4	1	11	1	6	6	86	381	99	48	8	342	
1029	00	17	-5	1	13	1	5	5	293	123	344	102	402		
1030	00	16	0	1	13	1	6	6	336	89	211	97	86	15	
1032	00	17	-5	1	13	1	7	7	267	99	153	153	171	59	211
1033	00	16	-7	1	13	1	7	7	223	149	180	99	72	219	342
1035	00	18	-5	1	13	1	5	5	219	381	99	109	162		
1036	00	29	-6	1	13	1	5	5	76	402	68	287	267		
1037	00	25	-1	1	13	1	4	4	409	96	19	391			
1038	00	20	-3	1	13	1	3	3	244	17	336				
1040	00	26	-4	1	13	1	4	4	65	249	169	342			
1041	00	20	-4	1	13	1	6	6	293	123	343	102	59	211	
1042	00	17	-2	1	13	1	7	7	34	99	72	325	296	87	342
1043	00	25	-5	1	13	1	3	3	27	297	12				
1044	00	24	-2	1	13	1	3	3	65	53	342				
1045	00	25	-3	1	13	1	2	2	387	14					
1046	00	24	-4	1	13	1	3	3	311	211	176							
1048	00	18	-3	1	13	1	5	5	150	162	100	87	60					
1049	00	25	-2	1	13	1	10	10	387	206	252	99	67	375	51	155	347	342
1050	00	17	-6	1	13	1	7	7	409	96	19	99	171	8	342			
1051	00	17	-6	1	13	1	5	5	106	178	254	99	163					
1053	00	16	-3	1	13	1	4	4	67	72	342	139						
1054	00	20	-5	1	13	1	8	8	253	230	89	89	267	99	106	169		
1055	00	24	-5	1	13	1	3	3	86	397	169							
1056	00	1	0	1	13	1	5	5	249	336	75	245	245					
1058	00	18	-8	1	13	1	7	7	400	396	169	99	48	193	342			
1060	00	25	-3	1	13	1	7	7	54	28	162	100	65	347	342			
1061	00	16	-11	1	13	1	4	4	391	98	336	162						
1065	00	18	-4	1	13	1	9	9	87	28	257	99	67	70	336	89	211	
1066	00	20	-4	1	13	1	9	9	210	86	99	389	60	204	108	358	342	
1067	00	16	-10	1	13	1	5	5	397	51	267	402	98					
1068	00	26	-1	1	13	1	5	5	171	59	336	89	211					
1069	00	16	-3	1	13	1	3	3	28	180	402										
1070	00	22	-5	1	13	1	3	3	345	28	176										
1071	00	1	0	1	13	1	6	6	261	371	59	97	114	169							
1072	00	25	-2	1	13	1	5	5	215	298	9	342	1								
1074	00	24	-5	1	13	1	4	4	391	99	289	342									
1075	00	24	-7	1	13	1	3	3	72	327	254										
1076	00	24	-4	1	13	1	4	4	391	99	104	162									
1078	00	28	-6	1	13	1	5	5	267	99	124	25	342								
1079	00	27	-3	1	13	1	7	7	391	99	87	59	67	121	14						
1080	00	17	-1	1	13	1	6	6	267	99	387	67	406	162							
1083	00	25	-1	1	13	1	3	3	54	54	342										
1084	00	4	-12	1	13	1	4	4	1	1	379	194									
1086	00	18	-2	1	13	1	4	4	267	99	124	342									
1087	00	24	-6	1	13	1	13	13	87	244	28	162	99	65	67	87	59	51	130	149	342
1088	00	22	-1	1	13	1	6	6	391	99	387	67	59	211							
1091	00	24	-6	1	17	1	4	4	267	99	102	162									
1092	00	17	-3	1	13	1	6	6	28	162	343	106	287	342		
1094	00	24	-8	1	13	1	7	7	267	99	171	59	336	89	211	
1095	00	25	-1	1	13	1	5	5	150	123	70	389	342			
1096	00	18	0	1	13	1	5	5	267	99	67	216	254			
1098	00	28	-3	1	13	1	5	5	267	99	65	347	342			
1100	00	3	-10	1	13	1	5	5	150	123	293	51	342			
1102	00	17	0	1	13	1	2	2	133	150						
1103	00	16	0	1	13	1	4	4	267	402	59	211				
1104	00	20	-5	1	13	1	8	8	267	99	387	72	336	89	348	342
1105	00	3	-6	1	13	1	8	8	391	99	121	389	59	336	89	211
1106	00	17	-3	1	13	1	5	5	150	123	86	343	319			
1107	00	27	-7	1	13	1	5	5	47	343	72	53	342			
1108	00	25	-6	1	13	1	6	6	293	402	97	67	349	342		
1109	00	28	-1	1	13	1	6	6	391	97	65	67	342	1		
1110	00	17	-3	1	13	1	8	8	391	216	53	125	59	391	176	176
1113	00	25	-3	1	13	1	6	6	94	123	124	112	197	342		
1114	00	17	-6	1	13	1	6	6	391	99	87	59	296	342
1115	00	28	-3	1	13	1	6	6	267	99	336	51	342	1
1116	00	2	-6	1	13	1	5	5	102	17	8	342	176	
1117	00	20	-7	1	11	1	4	4	173	59	2	12		
1118	00	3	-8	1	13	1	4	4	286	25	176	342		
1119	00	20	-6	1	13	1	5	5	48	342	65	342	224	
1120	00	18	0	1	13	1	4	4	87	59	296	342		
1121	00	20	-6	1	13	1	5	5	245	53	99	175	12	
1122	00	26	-5	1	13	1	5	5	242	342	98	292	342	
1123	00	18	-2	1	13	1	3	3	204	110	342			
1125	00	27	-5	1	13	1	4	4	48	342	375	60		
1126	00	17	-7	1	13	1	6	6	391	99	387	87	326	342
1127	00	17	-2	1	13	1	4	4	267	99	124	12		
1128	00	22	-11	1	13	1	3	3	331	162	402			
1129	00	28	-1	1	13	1	4	4	215	287	102	15		
1130	00	20	-3	1	13	1	6	6	164	125	59	253	230	342
1131	00	20	-5	1	13	1	4	4	267	99	106	162				
1132	00	26	-4	1	13	1	3	3	252	387	15					
1134	00	28	0	1	13	1	5	5	391	123	59	53	342			
1136	00	25	-4	1	13	1	3	3	216	123	139					
1140	00	24	-7	1	11	1	6	6	293	123	343	136	193	342		
1142	00	24	-2	1	13	1	8	8	28	336	182	99	387	72	348	342
1143	00	18	0	1	11	1	4	4	267	99	104	162				
1145	00	24	-3	1	351	1	6	6	293	123	344	336	347	342		
1146	00	28	-3	1	13	1	7	7	267	99	112	194	403	87	342	
1147	00	25	-3	1	11	1	5	5	387	66	336	89	211			
1148	00	20	-6	1	13	1	4	4	391	99	62	342				
1149	00	18	-2	1	13	1	8	8	150	123	389	72	296	342	124	169
1150	00	25	-1	1	13	1	5	5	50	162	99	326	342			
1151	00	17	-5	1	13	1	7	7	17	395	99	171	59	247	342	
1155	00	24	-3	1	13	1	5	5	127	343	67	59	211			
1156	00	16	-13	1	13	1	4	4	72	71	121	342				
1157	00	20	-4	1	13	1	4	4	267	99	107	162		
1158	00	2	-5	1	13	1	5	5	267	99	65	222	254	
1159	00	28	-5	1	13	1	5	5	245	245	343	104	162	
1160	00	27	-9	1	13	1	5	5	293	123	343	230	342	
1161	00	17	-4	1	13	1	5	5	389	182	293	327	342	
1162	00	17	-3	1	13	1	5	5	267	99	289	347	342	
1168	00	17	-6	1	13	1	4	4	86	336	89	211		
1169	00	25	-7	1	13	3	1	1	31					
1170	00	27	-6	1	13	1	6	6	216	123	70	336	89	211
1171	00	18	-3	1	13	1	2	2	86	15				
1172	00	20	-3	1	13	1	5	5	79	343	387	59	211	
1173	00	18	-4	1	13	1	4	4	387	72	211	176		
1174	00	18	-4	1	13	1	6	6	412	123	87	249	162	342
1175	00	20	-3	1	11	1	5	5	343	245	245	175	180	
1177	00	20	-5	1	13	1	2	2	171	60				
1179	00	4	-6	1	13	1	6	6	51	155	343	102	137	342
1180	00	25	-6	1	13	1	7	7	155	245	245	99	67	222	254
1181	00	4	-10	1	13	1	5	5	267	99	336	51	342		
1182	00	25	-7	1	13	1	4	4	57	209	343	5			
1183	00	18	0	1	13	1	4	4	265	343	326	342			
1186	00	28	-3	1	13	1	6	6	293	402	123	230	391	162	
1187	00	27	-6	1	13	1	3	3	86	48	342				
1188	00	17	-3	1	13	1	5	5	53	72	373	287	342		
1189	00	25	-5	1	13	1	4	4	391	123	86	4			
1190	00	25	-3	1	13	1	4	4	86	28	233	59			
1192	00	22	-3	1	13	1	4	4	391	123	124	342			
1194	00	25	-9	1	13	1	3	3	51	49	83				
1195	00	18	0	1	13	1	3	3	48	342	130				
1198	00	27	-6	1	13	1	4	4	67	171	59	211			
1199	00	25	-3	1	13	1	3	3	65	53	342				
1200	00	16	-7	1	13	1	4	4	391	99	327	342			
1201	00	17	-2	1	13	1	3	3	253	230	342				
1202	00	18	-4	1	13	1	3	3	86	336	75				
1203	00	17	-4	1	11	1	5	5	267	402	97	137	395		
1204	00	25	-5	1	13	1	3	3	389	389	176				
1205	00	26	-4	1	13	1	4	4	87	403	87	15			
1206	00	17	-4	1	13	1	3	3	329	212	328				
1207	00	18	-3	1	13	1	3	3	76	104	169				
1208	00	18	-4	1	11	1	3	3	72	296	342				
1211	00	17	-2	1	11	1	7	7	400	125	59	123	112	197	342
1212	00	25	-2	1	13	1	5	5	293	123	343	128	342		
1213	00	18	-4	1	13	1	3	3	65	387	342				
1214	00	18	-6	1	13	1	7	7	319	86	99	59	8	342	1
1215	00	28	-2	1	13	1	6	6	267	233	342	403	87	342	
1217	00	20	-6	1	13	1	2	2	387	342					
1218	00	18	0	1	13	1	3	3	86	2	12				
1219	00	25	-5	1	13	1	3	3	197	177	81				
1220	00	28	-3	1	13	1	2	2	102	162					
1221	00	18	-4	1	13	1	4	4	391	97	294	375		
1222	00	17	-5	1	13	1	6	6	254	343	87	249	162	342
1224	00	16	-4	1	13	1	3	3	387	296	342			
1225	00	20	-3	1	13	1	3	3	301	155	211			
1226	00	17	-4	1	13	1	2	2	341	342				
1227	20	12	-2	1	13	1	5	5	403	87	342	1	176	
1227	10	12	-2	1	13	1	5	5	264	109	162	176	176	
1228	00	24	-10	1	13	1	4	4	267	99	76	15		
1229	00	28	-5	1	13	1	4	4	267	99	104	162		
1231	00	17	-1	1	13	1	2	2	111	342				
1232	00	30	-3	1	13	1	4	4	267	99	48	342		
1233	00	26	-3	1	13	1	5	5	216	123	127	347	342	
1234	00	13	-5	1	13	1	5	5	293	123	343	173	342	
1235	00	28	-7	1	13	1	5	5	150	123	65	67	73	
1236	00	16	-5	1	13	1	2	2	375	342				
1238	00	20	-6	1	13	1	2	2	222	254				
1243	00	20	-2	1	13	1	2	2	109	162			
1244	00	1	0	1	13	1	2	2	327	254			
1245	00	17	-6	1	13	1	3	3	221	267	342		
1246	00	18	-3	1	13	1	4	4	267	99	104	169	
1248	00	1	0	1	13	1	4	4	245	245	330	176	
1249	00	25	-2	1	13	1	2	2	109	162			
1251	00	17	-2	1	13	1	5	5	72	336	89	211	176
1252	20	16	-3	1	251	1	2	2	415	342			
1252	10	16	-3	1	13	1	2	2	415	342			
1254	00	25	-5	1	13	1	2	2	72	211			
1257	00	17	-7	1	13	1	3	3	103	403	342		
1261	00	28	-6	1	13	1	2	2	72	211			
1262	00	25	-4	1	13	1	4	4	202	51	342	316	
1263	00	18	-2	1	13	1	4	4	86	67	294	342	
1266	00	17	-5	1	13	1	4	4	106	17	391	87	
1267	00	27	-2	1	13	1	3	3	86	98	130		
1268	00	25	-4	1	13	1	2	2	173	12				
1269	00	24	-16	1	13	1	3	3	65	216	254			
1270	00	25	-4	1	11	1	2	2	102	162				
1272	00	12	0	1	12	1	2	2	293	342				
1273	00	24	-10	1	13	1	2	2	120	87				
1274	00	25	-5	1	11	1	3	3	267	99	207			
1277	00	28	-1	1	13	1	4	4	65	171	59	211		
1279	00	30	-2	1	13	1	2	2	48	342				
1283	00	17	-2	1	13	1	3	3	65	135	342			
1285	00	16	-4	1	13	1	3	3	284	124	342			
1286	00	18	-2	1	13	1	6	6	355	343	86	175	176	211
1287	00	25	-4	1	13	1	2	2	86	15				
1288	00	25	-4	1	13	1	2	2	28	1				
1292	00	28	-3	1	13	3	1	1	250					
1294	00	25	-2	1	11	1	4	4	284	99	348	342		
1295	00	22	0	1	13	1	4	4	72	48	342	1		
1296	00	28	-7	1	13	1	2	2	289	342							
1301	00	25	-5	1	351	1	3	3	17	106	162						
1305	00	17	-3	1	65	1	3	3	28	267	342						
1306	00	17	-5	1	65	1	9	9	244	81	99	98	72	65	53	342	224
1308	00	25	0	1	45	1	3	3	70	72	388						
1309	00	17	-4	1	41	1	5	5	109	169	97	51	182				
1310	00	25	-8	1	45	1	6	6	249	336	99	171	8	342			
1311	10	18	0	1	45	1	4	4	284	106	287	342					
1314	00	20	-3	1	45	1	6	6	216	173	99	109	59	211			
1315	00	20	-2	1	45	1	6	6	403	400	99	249	162	12			
1316	00	14	-4	1	45	3	1	1	66								
1319	00	17	-10	1	45	1	5	5	54	180	97	226	254				
1320	00	16	-5	1	45	1	4	4	67	65	159	342					
1322	00	17	-2	1	45	1	8	8	267	99	175	230	53	171	8	342	
1324	00	18	-6	1	45	1	7	7	238	267	99	87	59	67	211		
1325	20	24	-2	1	0	1	3	3	25	409	96						
1326	00	25	-2	1	45	1	7	7	267	99	72	65	336	89	211
1327	00	25	-4	1	31	1	4	4	391	99	70	211			
1328	00	25	-2	1	31	1	5	5	267	99	72	192	342		
1330	00	25	-4	1	31	1	5	5	395	99	59	296	342		
1331	00	20	-5	1	31	1	6	6	293	123	343	100	17	342	
1333	00	20	-7	1	31	1	5	5	150	297	345	53	342		
1334	00	28	-6	1	31	1	5	5	267	99	41	245	342		
1335	00	18	0	1	31	1	4	4	391	123	223	342			
1336	00	27	0	1	31	1	6	6	215	86	175	176	342	1	
1337	00	24	-9	1	31	1	6	6	244	336	347	252	391	98	
1338	00	17	-5	1	31	1	3	3	76	76	284				
1339	00	24	-3	1	31	1	4	4	102	17	8	342			
1342	00	17	-4	1	113	1	7	7	87	186	344	70	78	347	342
1344	00	25	-4	1	113	1	5	5	391	99	112	194	342		
1345	00	17	-4	1	113	1	7	7	391	123	65	72	336	89	211
1346	00	17	-8	1	113	1	5	5	253	230	99	106	162		
1347	00	28	-4	1	113	1	6	6	37	342	98	86	67	211	
1348	00	22	-4	1	351	1	4	4	17	293	197	60			
1350	00	25	-3	1	95	1	5	5	65	72	222	254	176		
1351	00	25	-5	1	95	1	5	5	267	99	67	296	342		
1360	00	26	-3	1	361	1	4	4	263	343	173	12			
1361	00	24	-5	1	361	1	4	4	293	123	102	162			
1365	00	17	-3	1	71	1	3	3	102	59	211				
1366	00	18	-3	1	71	1	3	3	103	403	342				
1367	00	22	-4	1	71	1	5	5	267	99	67	175	206		
1369	00	25	-5	1	75	1	6	6	267	99	65	403	87	342	
1370	00	17	-3	1	71	1	5	5	72	51	130	149	342		
1373	00	17	-8	1	71	1	7	7	17	293	61	100	67	135	342
1374	00	17	-2	1	71	1	3	3	65	348	342				
1376	00	17	-6	1	202	1	3	3	102	59	342				
1380	00	17	-6	1	251	1	3	3	65	70	211				
1382	00	11	0	1	302	3	1	1	165						
1385	00	3	-2	1	231	1	4	4	86	98	347	342				
1387	00	24	-5	1	280	1	5	5	286	123	59	211	242			
1388	00	20	-9	1	11	1	5	5	197	249	343	67	211			
1393	00	17	-3	1	0	1	5	5	112	194	8	140	342			
1394	00	25	-7	1	0	1	3	3	394	402	98					
1395	00	20	-6	1	0	1	6	6	343	74	400	99	104	162		
1401	00	16	-8	1	0	1	8	8	391	97	389	67	178	389	8	342
1402	00	18	-8	1	0	1	6	6	249	342	345	97	106	169		
1403	00	26	0	1	0	1	8	8	28	303	100	66	407	169	334	342
1404	00	20	-7	1	0	1	8	8	249	342	345	65	67	121	135	342
1405	00	16	-3	1	0	1	5	5	391	97	234	8	342			
1406	00	2	-8	1	0	1	8	8	17	293	391	87	28	189	252	176
1410	00	22	-4	1	0	1	4	4	18	211	126	169				
1411	00	26	-5	1	0	1	2	2	102	169						
1412	20	27	-2	1	0	1	4	4	216	123	149	342				
1412	10	27	-2	1	0	1	2	2	182	149						
1414	00	4	-4	1	0	1	5	5	65	336	89	121	342						
1415	00	26	-5	1	0	1	4	4	72	121	358	342							
1416	00	26	-2	1	0	1	5	5	286	99	204	230	342						
1418	00	25	-3	1	0	1	7	7	65	249	169	342	97	104	169				
1420	00	18	-8	1	0	1	7	7	175	230	344	53	65	233	342				
1421	00	20	-3	1	0	1	10	10	216	123	65	244	58	294	375	72	244	56	
1422	00	17	-6	1	0	1	2	2	106	169									
1424	00	26	-5	1	0	1	6	6	267	99	98	25	245	245					
1425	00	18	-6	1	0	1	5	5	66	336	89	124	169						
1426	00	16	-3	1	0	1	7	7	341	309	267	99	48	8	342				
1429	00	27	-9	1	0	1	11	11	267	99	53	171	59	336	89	360	249	169	342
1430	00	16	-6	1	0	1	6	6	391	99	389	249	169	342					
1431	00	16	-1	1	0	1	7	7	80	89	344	67	72	403	162				
1433	00	17	-4	1	0	1	6	6	267	99	65	249	162	342					
1435	20	23	-5	1	0	2	3	3	197	342	139								
1435	10	23	-5	1	0	1	5	5	53	112	197	342	139						
1436	00	18	-4	1	0	1	6	6	391	99	98	178	389	15	
1437	00	25	-3	1	0	1	3	3	25	245	245				
1438	00	28	-1	1	0	1	6	6	391	97	48	258	193	342	
1439	00	25	-8	1	0	1	5	5	296	342	98	109	169		
1441	00	18	-5	1	0	1	2	2	106	169					
1444	00	20	-2	1	0	1	5	5	391	123	247	258	302		
1447	00	20	-6	1	0	1	5	5	53	67	70	222	254		
1449	00	25	-6	1	0	1	4	4	40	97	104	169			
1450	00	25	-4	1	0	1	5	5	171	59	17	261	86		
1451	00	22	-3	1	0	1	4	4	267	99	155	169			
1456	00	25	-6	1	0	1	7	7	267	99	72	336	89	216	254
1457	00	20	-10	1	0	1	6	6	293	245	344	301	155	211	
1460	00	20	-10	1	0	1	3	3	106	287	342				
1464	00	18	-2	1	0	1	4	4	336	341	327	15			
1465	00	20	-1	1	0	1	4	4	267	99	174	342			
1466	00	25	-1	1	0	1	5	5	267	99	204	110	342		
1467	00	25	-4	1	0	1	4	4	389	72	407	169			
1468	00	18	-4	1	0	1	7	7	391	99	87	59	72	8	342
1469	00	18	-10	1	0	1	6	6	293	123	345	171	8	342	
1470	00	18	-2	1	0	1	5	5	121	65	72	259	342		
1471	40	16	-9	9	0	3	1	1	102						
1471	30	16	-9	9	0	1	4	4	287	136	323	287			
1471	20	16	-9	9	0	1	2	2	98	287					
1474	00	26	-4	1	0	1	3	3	59	341	342				
1475	20	28	-3	1	0	1	2	2	48	15					
1475	10	28	-3	1	0	1	4	4	328	328	267	99			
1477	00	25	0	1	0	1	4	4	328	328	267	99			
1482	00	16	-9	1	0	3	1	1	7						
1483	00	24	0	1	0	5	2	2	1	1					
1487	00	18	0	1	11	1	2	2	48	342					
1490	00	18	-5	1	11	1	3	3	391	391	342				
1494	00	25	-2	1	0	1	7	7	267	99	47	340	342	97	173
1529	00	17	-4	7	981	1	5	5	67	103	403	342	176					
1530	00	18	-3	7	0	1	5	5	67	103	403	342	176					
1531	00	24	-4	7	981	1	4	4	171	59	342	176						
1532	00	20	-12	7	0	1	4	4	95	328	2	12						
1533	00	20	-10	7	984	1	2	2	221	254								
1534	00	25	-8	1	71	1	6	6	234	99	67	70	211	242				
1535	00	20	-3	1	71	1	4	4	86	124	344	68						
1536	00	18	-6	1	45	1	7	7	146	195	343	403	87	342	1			
1537	00	20	-3	1	13	1	6	6	267	99	322	342	204	162				
1538	00	25	-4	1	351	1	3	3	284	124	342							
1539	00	25	-2	1	13	1	5	5	249	162	402	89	89					
1540	00	26	-5	1	13	1	10	10	341	206	99	387	65	171	59	87	294	342
1541	00	16	-2	1	13	1	6	6	53	336	89	403	87	342				
1542	00	13	-6	1	45	1	4	4	102	216	245	245						
1543	00	17	-1	1	13	1	5	5	391	123	171	59	211					
1547	00	18	0	1	0	3	1	1	391									
1548	00	16	-9	1	13	1	3	3	121	342	318						
1551	00	17	-3	1	351	1	5	5	267	99	87	59	211				
1552	00	24	-8	1	13	1	8	8	87	403	180	99	98	379	245	245	
1553	00	5	-4	1	13	1	9	9	397	1	267	99	67	342	112	194	342
1554	00	24	-2	1	13	1	5	5	267	99	59	211	242				
1555	00	2	-18	1	13	1	8	8	17	162	343	65	175	230	53	342	
1556	00	25	-6	1	13	1	6	6	59	160	343	249	162	342			
1559	00	15	0	2	0	1	4	4	397	99	216	254					
1560	00	20	-3	2	0	1	4	4	336	89	87	373					
1561	00	13	-4	1	0	1	3	3	204	230	342						
1563	00	24	-8	1	45	1	4	4	267	99	48	12					
1603	20	5	-6	2	251	1	2	2	336	321							
1603	10	5	-6	2	251	1	2	2	336	321							
1604	10	20	-6	2	0	3	1	1	63								
1605	10	16	-10	2	0	1	6	6	87	403	99	387	17	261			
1606	00	28	-5	2	11	1	5	5	264	387	336	89	211				
1608	10	16	-8	2	0	1	6	6	87	403	99	387	17	261				
1610	20	16	-2	2	111	3	1	1	63									
1610	10	16	-2	2	111	3	1	1	63									
1611	20	20	-9	2	111	3	1	1	63									
1611	10	20	-9	2	111	3	1	1	63									
1613	20	17	-2	2	111	3	1	1	63									
1613	10	17	-2	2	111	3	1	1	63									
1615	00	17	-3	2	0	1	6	6	389	65	249	169	342	176				
1616	20	17	-8	2	981	1	4	4	67	171	8	342						
1616	10	17	-8	2	981	1	2	2	9	48								
1619	10	28	-10	2	0	1	4	4	51	130	149	342						
1620	10	28	-2	2	443	1	3	3	387	342	176							
1622	00	16	-2	2	0	1	4	4	387	192	347	342						
1623	30	28	-10	2	0	1	10	10	343	294	328	391	87	112	294	171	8	342
1623	20	28	-10	2	0	1	7	7	137	155	343	10	81	403	87			
1623	10	28	-10	2	0	1	9	9	386	53	48	342	12	328	328	328	162	
1625	30	17	-10	2	95	1	3	3	245	342	1				
1625	20	17	-10	2	11	1	4	4	98	319	51	130			
1625	10	17	-10	2	45	1	2	2	65	211					
1628	20	16	-6	2	113	1	4	4	59	53	216	254			
1628	10	16	-6	2	45	1	4	4	59	403	87	342			
1629	10	20	-2	2	0	1	6	6	267	99	67	403	87	342	
1630	00	28	-3	2	13	1	6	6	293	123	343	171	8	342	
1701	10	22	0	5	0	1	4	4	389	72	48	342			
1703	10	22	0	5	0	1	4	4	112	194	327	342			
1704	20	13	0	5	101	1	5	5	336	89	296	342	98		
1704	10	13	0	5	0	1	2	2	102	190					
1705	10	25	-8	5	0	1	7	7	65	336	89	407	169	183	169
1706	10	22	0	5	0	1	7	7	65	336	89	407	169	183	169
1707	10	22	0	5	0	1	3	3	204	245	342				
1708	10	20	0	5	0	1	4	4	204	245	358	342			
1709	10	18	0	5	0	1	5	5	53	67	407	124	169		
1710	10	18	0	5	0	1	8	8	345	341	18	252	97	25	245	245
1711	10	20	-1	5	0	1	4	4	336	89	296	342				
1712	10	17	0	5	0	1	4	4	204	245	358	342				
1713	10	13	0	5	0	1	7	7	51	130	149	342	123	102	190	
1714	10	17	-3	5	0	1	3	3	87	155	169					
1801	10	18	0	5	0	1	4	4	389	72	48	342				
1802	10	22	0	5	0	1	7	7	389	65	72	336	89	194	169	
1803	10	18	0	5	0	1	7	7	70	112	194	18	211	87	169	
1804	10	22	0	5	0	1	4	4	204	245	358	342				
1805	10	20	-9	5	0	1	4	4	171	59	407	169				
1806	10	13	0	5	0	1	4	4	204	245	358	342				
1902	00	2	0	2	0	1	4	4	336	89	87	373				
1903	00	39	0	4	0	1	2	2	101	319						
1904	00	22	0	4	0	2	2	2	106	342						
2002	00	32	2	1	13	1	6	6	403	302	99	87	57	342		
2004	00	31	-2	1	0	1	3	3	51	371	59					
2005	00	31	-2	1	13	1	2	2	249	391								
2008	00	33	-2	1	14	2	2	2	104	169								
2010	00	31	-3	1	13	1	5	5	293	123	343	216	254					
2012	00	31	-3	1	13	1	4	4	287	112	194	342						
2014	00	32	-4	1	13	1	2	2	242	342								
2015	00	32	-4	1	13	1	3	3	336	89	211							
2016	00	31	-4	1	13	1	6	6	293	176	176	150	123	51				
2018	00	31	-3	1	13	1	10	10	214	287	87	244	28	162	99	136	193	12
2021	00	32	-4	1	13	1	3	3	99	380	342							
2022	00	31	-4	1	13	1	7	7	391	97	53	72	373	287	342			
2023	00	32	-4	1	13	1	5	5	150	98	178	389	15					
2025	00	31	-4	1	0	1	4	4	245	98	112	169						
2026	00	31	-4	1	13	1	2	2	67	211								
2027	00	32	-4	1	13	1	9	9	87	244	28	54	99	245	245	87	162	
2033	00	31	-4	1	13	1	9	9	204	233	59	99	389	65	67	121	342	
2035	00	31	-4	1	13	1	4	4	328	328	176	176						
2038	00	31	-5	1	0	1	6	6	391	99	212	176	86	161		
2039	00	31	-5	1	0	1	3	3	178	389	15					
2041	00	32	-5	1	0	1	6	6	293	123	344	53	87	60		
2043	00	32	-5	1	0	1	6	6	293	323	323	384	176	176		
2045	20	31	-5	1	0	3	1	1	88							
2045	10	31	-5	1	95	1	5	5	250	264	127	347	342			
2046	00	31	-5	1	0	1	6	6	389	87	59	249	169	342		
2047	00	31	-5	1	13	1	2	2	67	211						
2048	00	33	0	1	13	1	6	6	267	99	67	171	8	342		
2049	00	31	-5	1	0	1	8	8	102	288	87	249	180	323	323	29
2050	00	32	-5	1	45	1	6	6	245	245	343	48	8	342		
2051	00	32	-5	1	13	1	5	5	267	99	258	347	342			
2052	00	31	-5	1	13	1	8	8	327	186	381	51	59	67	216	254
2054	00	32	-5	1	11	1	8	8	267	99	87	59	65	253	230	342
2056	00	32	-5	1	13	1	7	7	391	99	186	301	155	347	342	
2058	00	32	-5	1	71	3	1	1	38							
2060	00	32	-5	1	13	1	4	4	267	99	222	254						
2061	00	32	-5	1	0	1	3	3	345	19	176							
2063	00	32	-5	1	11	1	4	4	204	112	347	342						
2064	00	31	-5	1	95	1	6	6	150	123	17	293	342	1				
2065	00	31	-5	1	13	1	4	4	391	123	348	342						
2066	00	32	-5	1	13	1	7	7	245	287	99	86	204	230	342			
2067	00	32	-5	1	13	1	4	4	267	99	70	388						
2068	00	32	-5	1	13	1	7	7	146	267	99	70	62	342	1			
2069	00	31	-5	1	13	1	10	10	391	17	391	381	391	98	171	59	342	139
2070	00	32	-5	1	13	1	5	5	293	123	343	289	342					
2071	00	33	0	1	13	1	7	7	293	123	344	127	98	8	342			
2073	00	31	-6	1	0	1	3	3	25	245	245							
2074	00	32	-6	1	13	1	5	5	150	123	228	342	1					
2075	00	32	-6	1	690	1	5	5	186	333	99	59	211					
2076	00	32	-6	1	13	1	2	2	2	12								
2079	00	31	-6	1	13	1	6	6	267	99	67	205	245	342				
2080	00	31	-6	1	13	1	4	4	267	99	102	162				
2081	00	32	-6	1	13	1	6	6	267	99	387	67	72	211		
2082	00	32	-6	1	13	1	3	3	215	102	15					
2084	00	32	-6	1	13	1	7	7	102	287	329	343	387	65	224	
2085	00	32	-6	1	11	1	7	7	267	99	102	17	336	51	342	
2086	00	32	-6	1	690	1	7	7	261	213	343	389	53	342	242	
2087	00	32	-6	1	13	1	4	4	72	87	284	342				
2088	00	32	-6	1	13	1	4	4	102	36	245	245				
2090	00	32	-6	1	45	1	4	4	106	162	51	130				
2091	00	32	-6	1	11	1	4	4	51	130	149	342				
2093	00	32	-5	1	0	3	1	1	377							
2094	00	31	-6	1	0	1	5	5	124	247	387	259	342			
2097	00	32	-6	1	0	1	5	5	204	245	102	287	342			
2098	00	32	-6	1	13	1	7	7	143	286	59	99	72	341	342	
2099	00	32	-6	1	13	1	8	8	147	195	343	325	109	59	347	342
2100	00	31	-6	1	0	1	4	4	267	99	124	169				
2101	00	32	-6	1	0	1	3	3	41	161	391								
2102	00	31	-6	1	13	1	4	4	267	99	348	342							
2103	00	31	-6	1	13	1	8	8	267	99	87	150	201	342	98	175			
2105	00	31	-6	1	13	1	3	3	336	17	402								
2106	00	31	-6	1	0	1	3	3	295	87	19								
2107	00	31	-6	1	13	1	9	9	336	51	130	53	99	124	25	176	342		
2108	00	32	-6	1	31	1	2	2	25	15									
2109	00	32	-6	1	13	1	11	11	249	89	233	123	86	59	395	99	51	130	28
2111	00	32	-6	1	13	1	9	9	89	3	99	336	244	17	134	86	415		
2113	00	32	-6	1	13	1	2	2	106	15									
2114	00	32	-6	1	13	1	4	4	403	87	319	249							
2115	00	32	-6	1	13	1	6	6	293	123	343	403	87	342					
2117	00	32	-7	1	13	1	5	5	57	343	87	294	342						
2118	00	31	-7	1	0	1	5	5	70	327	128	124	169						
2120	00	31	-7	1	0	1	8	8	214	99	389	67	112	197	342	139			
2121	00	33	-7	1	13	1	4	4	124	25	176	342							
2122	00	32	-7	1	690	1	5	5	216	123	87	294	342				
2123	00	32	-7	1	45	1	6	6	387	72	67	336	89	211			
2125	00	32	-7	1	0	1	6	6	293	56	252	97	358	342			
2127	00	32	-7	1	71	1	2	2	114	162							
2128	00	31	-7	1	13	1	9	9	17	293	54	180	99	109	59	342	1
2129	00	32	-7	1	45	1	8	8	398	379	343	65	72	121	222	254	
2130	00	32	-7	1	11	1	7	7	127	97	391	99	87	325	211		
2131	00	31	-7	1	113	1	5	5	264	341	347	342	1				
2132	00	32	-7	1	31	1	4	4	267	99	70	211					
2133	00	31	-7	1	362	3	1	1	59								
2134	00	31	-7	1	11	1	5	5	208	97	86	2	12				
2138	00	31	-7	1	0	1	8	8	389	53	72	327	128	342	294	375	
2139	00	32	-7	1	13	1	3	3	406	162	176						
2140	00	31	-7	1	243	1	5	5	330	176	99	124	342				
2141	00	31	-7	1	13	1	6	6	202	403	99	78	347	342			
2142	00	32	-7	1	0	1	3	3	65	222	254						
2143	00	32	-7	1	13	1	5	5	171	59	182	293	211		
2144	00	32	-7	1	13	1	3	3	182	293	342				
2145	00	32	-7	1	13	1	5	5	48	342	17	406	162		
2146	00	31	-7	1	13	1	6	6	391	123	65	67	233	342	
2147	00	32	-7	1	13	1	5	5	391	99	406	162	242		
2148	00	31	-7	1	13	1	3	3	41	304	176				
2152	00	31	-7	1	13	1	4	4	124	84	402	342			
2153	00	33	0	1	31	3	1	1	69						
2154	00	31	-7	1	13	1	2	2	173	342					
2155	00	31	-7	1	31	1	5	5	124	409	96	342	1		
2157	00	31	-7	1	13	1	6	6	305	123	86	136	193	342	
2158	00	32	-7	1	13	1	2	2	173	342					
2159	00	31	-7	1	0	1	4	4	175	230	53	15			
2160	00	32	-8	1	13	1	6	6	391	391	343	249	162	342	
2161	00	31	-7	1	13	1	2	2	67	211					
2162	00	31	-7	1	0	1	7	7	391	99	53	87	59	121	342
2164	00	31	-8	1	0	1	5	5	391	99	59	8	342			
2166	00	32	-8	1	13	1	6	6	173	180	99	127	347	342		
2167	00	32	-8	1	11	1	2	2	90	242						
2168	00	32	-8	1	13	1	5	5	391	99	171	8	342			
2169	00	32	-8	1	71	1	7	7	328	307	402	301	155	211	242	
2171	00	32	-8	1	71	1	6	6	87	322	99	87	59	71		
2173	00	32	-8	1	13	1	3	3	379	245	245					
2174	00	32	-8	1	11	1	7	7	87	230	180	99	70	53	342	
2175	00	32	-8	1	13	1	3	3	190	59	176					
2176	00	31	-8	1	13	1	3	3	249	162	391					
2177	00	31	-8	1	13	1	5	5	267	99	48	342	1			
2178	00	31	-8	1	13	1	8	8	267	99	173	403	347	342	400	307
2180	00	31	-8	1	13	1	4	4	267	99	102	162				
2181	00	31	-8	1	0	1	2	2	48	342						
2183	00	32	-8	1	0	1	4	4	53	171	59	211				
2184	00	31	-8	1	13	1	7	7	371	225	344	67	98	347	342	
2185	00	31	-8	1	13	1	5	5	203	344	66	375	89		
2186	00	31	-8	1	45	1	4	4	65	67	121	12			
2187	00	32	-8	1	13	1	3	3	150	87	277				
2190	00	32	-8	1	13	1	6	6	302	123	398	160	307	176	
2191	00	31	-8	1	13	1	5	5	181	319	97	102	190		
2193	00	31	-8	1	13	1	6	6	202	343	65	67	72	211	
2196	00	32	-8	1	13	1	3	3	72	388	176				
2198	00	31	-8	1	13	1	4	4	216	123	109	162			
2199	00	31	-8	1	13	1	3	3	286	99	68				
2200	00	31	-8	1	0	1	3	3	153	153	342				
2201	00	32	-8	1	351	1	3	3	186	347	342				
2203	00	32	-8	1	13	1	3	3	23	86	15				
2205	00	32	-9	1	0	1	7	7	389	53	171	59	373	287	342
2207	00	32	-8	1	13	1	6	6	155	343	171	59	53	342	
2208	00	31	-8	1	13	1	7	7	328	391	99	70	336	89	211
2211	00	31	-8	1	13	1	3	3	387	87	60				
2213	00	31	-8	1	0	1	5	5	336	89	98	358	342		
2214	00	31	-8	1	13	1	3	3	112	194	342				
2215	00	31	-8	1	13	1	2	2	106	169					
2216	00	31	-8	1	45	1	5	5	175	180	99	338	342		
2219	00	31	-8	1	13	1	6	6	50	343	375	375	81	342	
2220	20	31	-8	1	0	1	4	4	216	123	149	342			
2220	10	31	-8	1	0	2	2	2	182	149					
2221	00	31	-9	1	0	1	5	5	389	65	67	296	342		
2222	00	32	-8	1	470	1	5	5	150	123	70	294	342		
2224	00	31	-8	1	13	1	7	7	267	99	67	153	153	347	342
2225	00	32	-9	1	13	1	3	3	212	87	341				
2226	00	31	-8	1	13	3	1	1	73						
2227	00	31	-9	1	0	1	6	6	389	87	59	67	121	342	
2229	20	31	-8	1	0	1	6	6	267	99	51	130	149	342	
2229	10	31	-8	1	41	1	3	3	104	59	211				
2231	00	31	-9	1	13	1	7	7	387	53	171	59	98	347	342
2232	00	31	-9	1	13	1	5	5	386	65	59	327	342			
2233	00	32	-9	1	13	1	7	7	215	298	86	109	59	342	1	
2234	00	31	-9	1	23	1	4	4	336	162	100	66				
2237	00	31	-9	1	13	1	8	8	267	343	87	155	124	169	296	342
2238	00	32	-9	1	45	1	6	6	34	99	65	301	347	342		
2239	00	31	-9	1	13	1	2	2	75	12						
2240	00	31	-9	1	0	1	4	4	102	25	245	245				
2241	00	31	-9	1	13	1	3	3	48	28	169					
2242	00	31	-9	1	13	1	3	3	255	11	15					
2244	00	31	-9	1	13	1	2	2	216	254						
2246	00	31	-9	1	13	1	5	5	372	99	403	87	342			
2249	00	32	-9	1	31	1	2	2	102	25						
2250	00	31	-9	1	13	1	5	5	86	327	99	102	190			
2251	00	32	-9	1	13	1	5	5	267	99	336	89	211			
2253	00	31	-9	1	13	1	3	3	344	347	342					
2254	00	31	-9	1	13	1	4	4	106	287	342	1				
2255	00	32	-9	1	13	1	6	6	267	99	375	375	342	1			
2257	00	31	-9	1	65	1	5	5	139	99	15	244	342				
2258	00	32	-9	1	251	1	2	2	48	342							
2260	00	31	-9	1	95	1	6	6	87	59	67	89	381	342			
2261	00	31	-9	1	13	3	1	1	392								
2262	00	31	-10	1	11	1	4	4	267	99	113	342					
2263	00	31	-9	1	13	1	6	6	373	162	343	249	162	342			
2267	00	31	-10	1	13	1	3	3	306	114	162						
2268	00	31	-9	1	45	1	4	4	391	99	214	342					
2269	00	31	-9	1	13	2	2	2	162	342							
2270	00	32	-10	1	13	1	2	2	406	162							
2271	00	31	-10	1	13	1	9	9	391	28	169	99	65	72	67	244	342
2272	00	31	-9	1	13	1	4	4	387	67	348	342					
2273	00	31	-10	1	0	1	8	8	216	123	171	59	336	89	216	254	
2274	00	31	-10	1	13	1	2	2	2	176							
2276	00	31	-9	1	11	1	4	4	267	99	28	1					
2280	00	31	-10	1	31	1	5	5	197	249	343	67	211			
2281	00	31	-10	1	13	1	6	6	375	99	67	342	216	254		
2282	00	31	-10	1	13	1	5	5	53	171	59	48	342			
2283	00	32	-10	1	95	1	5	5	398	99	25	176	342			
2284	00	31	-10	1	13	1	6	6	336	209	343	389	296	342		
2285	00	31	-10	1	13	1	6	6	26	100	87	59	38	342		
2286	00	31	-10	1	13	1	6	6	343	391	99	86	75	12		
2288	00	31	-10	1	0	1	5	5	267	99	48	233	342			
2289	00	31	-10	1	0	1	3	3	284	14	176					
2290	00	31	-10	1	45	1	8	8	267	99	204	230	301	155	347	342
2291	00	31	-10	1	0	1	3	3	59	48	342					
2292	00	31	-10	1	0	1	5	5	17	345	25	245	245			
2293	00	31	-10	1	13	1	2	2	124	12						
2294	00	31	-10	1	13	1	3	3	204	245	342					
2295	00	31	-10	1	13	1	4	4	292	343	180	140				
2296	00	31	-10	1	13	1	3	3	182	293	162					
2297	00	31	-10	1	0	1	8	8	86	210	99	389	67	211	97	102		
2298	00	31	-10	1	45	1	5	5	293	123	343	112	162					
2300	00	32	-10	1	13	1	5	5	249	162	343	296	342					
2301	00	31	-10	1	0	1	7	7	194	194	219	345	97	104	169			
2302	00	31	-10	1	0	1	6	6	391	99	387	102	287	342				
2304	00	31	-10	1	71	1	4	4	267	402	25	15						
2305	00	31	-10	1	13	1	5	5	50	343	67	102	15					
2307	00	31	-10	1	13	1	7	7	391	99	53	336	89	67	66			
2308	00	31	-10	1	0	1	3	3	182	293	342							
2310	00	31	-10	1	31	1	2	2	86	250								
2313	00	31	-10	1	45	1	3	3	124	50	375							
2314	00	31	-11	1	31	1	4	4	293	123	342	87						
2315	00	32	-10	1	0	1	3	3	72	169	342							
2316	00	31	-11	1	19	1	4	4	305	123	87	60						
2317	00	31	-11	1	11	1	10	10	171	8	342	3	130	124	216	245	245	342
2318	00	32	-11	1	0	1	3	3	59	394	176							
2322	00	31	-11	1	31	1	5	5	162	162	162	162	15						
2323	00	31	-11	1	13	1	3	3	271	125	59								
2324	00	31	-11	1	0	1	3	3	389	65	211								
2325	00	31	-11	1	0	1	11	11	244	336	326	327	99	387	65	59	249	169	342
2326	00	31	-11	1	13	1	6	6	391	123	65	67	296	342					
2327	10	31	-11	1	0	2	7	7	267	99	65	67	127	347	342				
2333	00	31	-11	1	13	1	7	7	4	99	70	72	249	169	342				
2334	00	31	-11	1	45	1	5	5	219	178	67	244	342						
2335	00	31	-11	1	11	1	10	10	391	99	386	53	171	59	72	249	162	342	
2336	00	31	-11	1	0	1	5	5	121	406	169	222	254						
2338	00	31	-11	1	13	1	7	7	267	99	67	171	8	342	1				
2339	20	31	-11	1	0	1	4	4	216	123	149	342							
2339	10	31	-11	1	0	1	2	2	182	149									
2340	00	31	-11	1	13	1	6	6	152	99	53	59	87	60					
2341	00	31	-11	1	11	1	3	3	258	347	342								
2342	00	31	-11	1	13	1	2	2	25	15									
2344	00	31	-11	1	13	1	5	5	307	343	65	67	12		
2345	00	31	-11	1	0	1	4	4	67	25	245	245			
2346	00	31	-11	1	0	1	4	4	102	216	245	245			
2347	00	31	-11	1	261	1	5	5	319	402	99	176	176		
2348	00	31	-11	1	13	1	7	7	249	102	287	99	67	348	342
2349	00	31	-11	1	13	1	4	4	391	97	268	137			
2350	00	31	-11	1	0	1	5	5	345	98	25	245	245		
2351	00	31	-11	1	13	1	2	2	20	176					
2354	00	31	-12	1	13	1	4	4	267	99	102	162			
2355	00	31	-12	1	13	1	5	5	198	302	343	113	342		
2357	00	31	-11	1	999	1	4	4	267	99	104	169			
2358	00	31	-11	1	13	1	2	2	292	342					
2359	00	31	-11	1	23	1	5	5	264	17	171	8	342		
2360	00	31	-12	1	101	1	2	2	135	342					
2361	00	31	-12	1	13	1	3	3	54	19	81				
2362	00	31	-12	1	31	1	3	3	398	217	342				
2363	00	31	-12	1	13	1	6	6	267	99	217	403	347	342
2364	00	31	-12	1	13	1	2	2	334	342				
2365	00	31	-12	1	13	1	5	5	80	160	343	72	211	
2368	00	31	-12	1	13	1	2	2	102	15				
2369	00	31	-12	1	0	1	6	6	51	130	149	342	98	174
2370	00	31	-12	1	45	1	5	5	175	28	99	102	162	
2371	00	32	-12	1	13	1	2	2	2	14				
2374	00	31	-10	2	0	2	3	3	102	59	342			
2375	00	31	-12	1	13	1	3	3	70	342	12			
2377	20	31	-12	1	0	3	1	1	169					
2377	10	31	-12	1	13	3	1	1	216					
2378	00	31	-12	1	45	1	6	6	387	72	48	342	319	17
2379	00	31	-12	1	13	1	2	2	47	211				
2380	00	31	-12	1	45	1	3	3	171	8	342			
2381	00	31	-12	1	13	1	3	3	106	287	342			
2382	00	31	-12	1	13	1	2	2	106	15				
2384	00	31	-12	1	999	1	3	3	389	67	211				
2387	00	31	-12	1	0	1	4	4	391	99	104	169			
2389	00	31	-12	1	13	1	2	2	2	12					
2390	00	31	-12	1	45	1	5	5	215	17	310	249	307		
2391	00	31	-12	1	0	1	5	5	194	99	336	89	211		
2394	20	31	-12	1	0	2	2	2	86	15					
2394	10	31	-12	1	0	1	2	2	86	15					
2395	00	31	-12	1	0	2	7	7	205	245	48	8	97	89	190
2396	00	31	-12	1	13	1	7	7	389	65	67	204	112	358	342
2397	00	31	-12	1	0	1	4	4	86	136	267	342			
2402	00	31	-12	1	13	1	6	6	293	123	343	67	175	206	
2403	00	31	-12	1	13	1	5	5	267	99	124	25	342		
2404	00	31	-12	1	13	1	6	6	124	409	96	342	1	176	
2405	50	31	-12	1	0	3	1	1	408						
2405	40	31	-12	1	0	1	2	2	403	231					
2405	30	31	-12	1	0	1	3	3	319	32	162				
2405	10	31	-12	1	13	1	6	6	293	123	343	65	294	342		
2406	00	31	-13	1	13	1	8	8	403	256	216	123	65	87	284	342
2407	00	31	-13	1	13	1	7	7	159	381	99	175	230	53	342	
2408	00	31	-12	1	0	2	5	5	267	99	331	162	402			
2409	00	31	-13	1	45	1	3	3	72	247	342					
2410	00	31	-13	1	45	1	4	4	65	67	233	342				
2411	00	31	-13	1	251	1	5	5	391	123	336	89	211			
2413	00	31	-13	1	13	1	6	6	264	89	332	58	249	307		
2414	00	31	-13	1	0	1	3	3	67	348	342					
2415	00	31	-13	1	13	1	6	6	264	287	87	249	175	180		
2417	00	31	-13	1	13	1	5	5	234	287	162	343	68			
2419	00	31	-13	1	13	1	6	6	267	402	123	72	342	1		
2421	00	31	-13	1	13	1	2	2	173	12						
2422	00	31	-13	1	13	1	4	4	83	125	286	391				
2423	00	31	-13	1	45	1	8	8	75	10	97	121	245	245	10	176
2424	00	31	-13	1	13	1	6	6	267	99	51	130	149	342		
2426	00	31	-13	1	13	1	7	7	387	65	67	336	89	48	342				
2428	00	31	-13	1	0	1	5	5	182	342	98	75	14						
2429	00	31	-12	1	13	1	9	9	173	51	267	99	87	59	53	8	342		
2432	00	31	-13	1	13	1	5	5	350	99	341	387	60						
2433	00	31	-13	1	13	1	2	2	234	254									
2434	00	31	-13	7	0	1	6	6	59	99	102	36	384	384					
2435	00	31	-13	1	13	1	3	3	285	325	211								
2436	00	31	-13	1	13	1	11	11	17	293	293	211	186	267	99	59	59	155	211
2437	00	31	-13	7	0	1	3	3	6	267	99								
2440	00	31	-13	1	13	1	6	6	197	336	97	86	59	211					
2442	00	31	-13	1	13	1	6	6	293	123	343	336	49	86					
2443	00	31	-13	1	45	1	5	5	397	86	343	406	162						
2444	00	31	-13	1	13	1	4	4	171	8	342	176							
2445	00	33	-13	1	65	1	5	5	391	1	134	86	415						
2446	00	31	-13	1	13	1	11	11	238	267	99	387	53	72	336	89	112	194	342
2449	00	31	-13	1	13	1	5	5	28	162	343	48	342						
2450	00	31	-13	1	251	1	5	5	267	99	98	347	342				
2451	00	31	-13	1	13	1	6	6	162	216	57	99	62	342			
2452	00	31	-13	1	13	1	3	3	87	59	71						
2455	00	31	-14	1	13	1	9	9	191	303	402	99	87	59	244	58	342
2457	00	31	-14	1	45	1	5	5	67	204	112	342	176				
2458	00	31	-14	1	13	1	2	2	379	307							
2460	00	31	-14	1	13	1	5	5	59	127	267	176	176				
2461	00	31	-14	1	0	1	8	8	178	389	15	87	326	25	245	245	
2463	00	31	-14	1	31	1	5	5	343	391	99	387	342				
2464	00	31	-14	1	13	1	3	3	86	387	402						
2465	00	31	-14	1	13	1	6	6	195	123	87	357	175	180			
2468	00	31	-14	1	13	1	3	3	267	180	391						
2469	00	31	-14	1	13	1	3	3	65	342	224						
2470	00	31	-14	1	0	1	6	6	182	293	342	97	102	40			
2472	00	31	-14	1	13	1	3	3	326	342	14						
2473	00	31	-14	1	13	1	9	9	214	150	267	99	249	162	375	76	267
2474	00	31	-14	1	13	1	5	5	343	267	402	205	267			
2475	00	31	-14	1	13	1	5	5	30	402	99	415	342			
2476	00	31	-14	1	13	1	5	5	267	99	171	8	342			
2477	00	31	-14	1	0	1	8	8	86	210	99	389	69	211	97	173
2478	00	31	-14	1	13	1	5	5	267	99	112	194	342			
2480	00	31	-14	1	13	1	7	7	391	99	70	87	59	387	342	
2481	00	31	-14	1	13	1	7	7	267	99	103	403	48	8	342	
2482	00	31	-14	7	0	1	4	4	17	48	342	176				
2485	00	31	-15	1	0	1	5	5	267	99	174	176	211			
2486	00	31	-15	1	13	1	5	5	102	217	403	347	342			
2489	00	31	-15	1	13	1	6	6	25	99	87	59	294	342		
2490	00	31	-15	1	13	1	5	5	210	180	99	47	211			
2492	00	31	-15	1	13	1	6	6	150	123	336	89	296	342		
2493	00	31	-15	1	251	1	2	2	149	13						
2495	00	31	-15	1	45	1	6	6	204	155	211	249	180	267		
2497	00	31	-15	1	0	2	2	2	102	15						
2498	00	31	-15	1	13	1	5	5	391	123	70	53	342	
2499	00	31	-15	1	0	1	3	3	204	230	342			
2500	00	31	-15	1	45	1	2	2	375	52				
2501	00	31	-15	1	11	1	4	4	293	123	343	250		
2502	00	31	-15	1	13	1	3	3	67	244	342			
2503	00	31	-15	1	13	1	4	4	267	99	76	12		
2504	00	31	-15	1	71	1	5	5	267	99	86	72	211	
2505	20	31	-15	1	0	1	4	4	216	123	149	342		
2505	10	31	-15	1	0	1	2	2	182	149				
2506	00	31	-15	1	13	1	3	3	389	296	342			
2507	00	31	-15	1	13	1	6	6	375	65	72	336	89	211
2508	20	31	-15	1	0	1	4	4	216	123	149	342		
2508	10	31	-15	1	0	1	2	2	182	149				
2509	00	31	-15	1	999	5	2	2	1	1				
2514	00	31	-15	1	13	1	2	2	102	15				
2515	00	31	-15	1	0	1	4	4	184	249	345	98		
2517	00	31	-15	1	71	1	3	3	336	51	342								
2520	00	31	-15	1	13	1	3	3	65	113	342								
2521	00	31	-16	1	251	1	6	6	391	123	98	249	162	342					
2522	00	31	-16	1	730	1	7	7	284	99	124	342	402	59	86				
2523	00	31	-16	1	13	1	5	5	267	99	65	59	211						
2524	00	31	-16	1	13	1	6	6	104	59	123	336	89	211					
2525	00	31	-16	1	0	2	2	2	106	169									
2526	00	31	-16	1	0	1	4	4	86	67	8	342							
2527	00	31	-16	1	95	1	3	3	84	50	176								
2528	00	31	-16	1	0	1	6	6	391	99	389	182	293	169					
2530	00	31	-16	1	13	1	2	2	200	391									
2531	00	31	-16	1	999	1	4	4	391	99	294	342							
2533	00	31	-16	1	13	1	5	5	267	99	171	8	342						
2534	00	31	-16	1	45	1	3	3	72	387	342								
2536	00	31	-16	1	13	1	7	7	216	123	65	211	373	127	373				
2537	00	31	-24	1	0	1	11	11	293	123	344	389	171	59	67	51	130	149	342
2538	00	31	-16	1	13	1	5	5	162	1	162	48	342			
2539	00	31	-16	1	13	1	8	8	375	267	99	53	342	72	155	211
2540	00	31	-16	1	13	1	3	3	102	15	176					
2541	00	31	-16	1	0	1	7	7	53	171	59	336	89	216	254	
2545	00	31	-16	1	11	1	5	5	267	99	65	222	254			
2546	00	31	-16	1	13	1	2	2	38	375						
2548	00	31	-16	1	13	1	6	6	303	252	99	205	230	211		
2549	00	31	-16	1	13	1	3	3	51	130	15					
2552	00	31	-17	1	13	1	8	8	267	99	87	59	342	224	97	173
2554	00	31	-17	1	136	1	2	2	284	99						
2555	00	31	-17	1	13	1	6	6	267	99	53	72	155	211		
2556	00	31	-17	1	13	1	5	5	76	402	99	233	342			
2557	00	31	-17	1	13	1	3	3	124	25	342					
2563	00	31	-17	1	13	1	7	7	233	127	125	59	99	193	342	
2567	00	31	-17	1	31	1	6	6	391	99	105	59	342	1		
2569	00	31	-17	1	13	1	6	6	267	99	287	249	162	12		
2571	00	31	-17	1	13	1	3	3	391	81	176				
2572	00	31	-17	1	13	1	4	4	391	99	102	162			
2573	00	31	-17	1	71	1	6	6	336	89	99	192	347	342	
2574	00	31	-17	1	13	1	5	5	264	65	59	342	1		
2575	00	31	-17	1	0	1	3	3	336	89	211				
2576	00	31	-17	1	13	1	6	6	391	123	72	253	81	342	
2579	00	31	-17	1	0	1	3	3	284	391	87				
2580	00	31	-17	1	13	1	4	4	267	99	48	342			
2582	00	31	-17	1	13	1	3	3	375	375	342				
2583	00	31	-17	1	13	1	7	7	267	99	65	336	89	222	254
2584	00	31	-18	1	13	1	6	6	399	121	99	70	53	342	
2585	00	31	-18	1	13	1	2	2	60	242					
2587	10	31	-18	1	65	1	3	3	86	102	15				
2588	00	31	-18	1	13	1	6	6	98	72	17	173	86	224	
2589	00	31	-18	1	13	1	4	4	389	336	89	211			
2590	00	31	-18	1	71	1	4	4	267	99	59	211			
2591	00	31	-18	1	13	1	4	4	267	99	348	342				
2592	00	31	-18	1	13	1	3	3	59	59	12					
2593	00	31	-18	1	13	1	6	6	76	64	99	72	224	342		
2594	00	31	-18	1	13	1	5	5	102	59	249	162	342			
2595	00	31	-18	1	13	1	4	4	196	123	87	30				
2599	00	31	-18	1	0	1	8	8	182	293	344	387	171	59	397	169
2600	00	31	-18	1	0	1	3	3	249	169	342					
2602	00	31	-18	1	13	1	2	2	2	12						
2603	00	31	-18	1	0	1	7	7	17	293	136	193	204	234	176	
2605	00	31	-18	1	11	1	4	4	171	59	341	342				
2606	00	31	-18	1	137	1	2	2	294	342						
2607	00	31	-18	1	31	1	3	3	153	153	342					
2608	00	31	-18	1	13	1	3	3	65	327	342					
2609	00	31	-18	1	31	1	6	6	293	123	343	249	162	12		
2612	00	31	-18	1	13	1	6	6	267	342	86	75	245	245		
2613	00	31	-18	1	13	1	4	4	293	123	343	250				
2614	00	31	-18	1	13	1	10	10	84	59	160	343	387	67	87	59	155	211
2615	00	31	-18	1	31	1	5	5	307	180	87	261	87					
2616	00	31	-19	1	13	1	3	3	345	180	86							
2617	00	31	-19	1	13	1	8	8	400	293	97	72	336	89	86	91		
2618	00	31	-19	1	13	1	5	5	267	99	67	244	342					
2620	00	31	-19	1	13	1	3	3	345	409	94							
2621	00	31	-19	1	13	1	5	5	291	343	336	51	342					
2622	00	31	-19	1	13	1	3	3	301	155	211							
2623	00	31	-19	1	13	1	4	4	267	99	124	342						
2625	00	31	-19	1	13	1	5	5	391	123	86	68	176					
2626	20	31	-19	1	31	1	5	5	197	86	99	102	162					
2626	10	31	-19	1	0	1	2	2	197	86								
2628	00	31	-19	1	13	1	5	5	336	209	391	124	12					
2629	00	31	-19	1	13	1	3	3	86	260	342							
2630	00	31	-19	1	13	1	4	4	267	99	17	38						
2631	00	31	-19	1	13	1	5	5	267	99	153	153	342					
2632	00	31	-20	1	13	1	7	7	293	15	99	102	17	8	342
2633	00	31	-20	1	45	1	3	3	284	102	15				
2634	00	31	-20	1	13	1	4	4	264	9	342	1			
2635	00	31	-20	1	13	1	5	5	267	402	123	102	15		
2636	10	31	-20	1	31	1	4	4	267	99	106	162			
2637	00	31	-20	1	0	1	2	2	70	12					
2638	00	31	-20	1	13	1	2	2	249	307					
2639	00	31	-20	1	13	1	2	2	86	15					
2643	00	31	-20	1	0	1	5	5	323	344	65	296	342		
2645	00	31	-20	1	11	1	3	3	100	17	60				
2647	00	31	-20	1	13	1	7	7	267	99	67	171	8	342	1
2648	00	31	-20	1	71	1	5	5	267	99	104	162	242		
2650	00	31	-21	1	13	1	5	5	293	123	343	294	342		
2651	00	31	-21	1	112	2	4	4	219	381	252	391			
2652	00	31	-21	1	13	1	2	2	216	254					
2653	00	31	-21	1	13	1	6	6	267	99	48	127	347	342	
2654	00	31	-21	1	0	1	14	14	17	293	293	211	202	267	99	65	70	336	89	87	284	342
2655	00	31	-21	1	41	1	6	6	387	72	336	89	347	342								
2656	00	31	-21	1	13	1	3	3	290	267	402											
2657	00	31	-21	1	13	1	5	5	319	32	99	102	162									
2658	10	31	-21	1	0	2	2	2	109	162												
2660	00	31	-21	1	13	1	6	6	267	99	249	162	342	242								
2661	00	31	-21	1	50	1	2	2	201	277												
2662	00	31	-21	1	0	1	3	3	3	352	176											
2663	00	31	-21	1	62	1	3	3	204	245	342											
2666	00	31	-22	1	13	1	5	5	17	162	99	124	342									
2673	00	31	-23	1	132	3	1	1	326													
2674	00	31	-23	1	13	1	5	5	267	99	175	176	211									
2675	00	31	-23	1	45	1	7	7	87	19	54	99	65	59	211							
2677	00	31	-24	1	31	1	4	4	267	99	22	297										
2678	00	31	-24	1	13	1	2	2	124	12												
2679	00	31	-24	1	0	1	5	5	238	267	99	121	342									
2680	00	31	-24	1	13	1	5	5	267	99	204	230	342		
2682	00	31	-24	1	0	1	2	2	389	15					
2684	00	31	-25	1	112	1	5	5	391	99	228	162	242		
2685	00	31	-27	1	13	1	7	7	303	343	67	51	130	149	342
2691	00	34	-19	1	13	1	5	5	391	99	112	197	342		
2692	00	34	-22	1	13	1	3	3	391	391	342				
2694	00	7	7	1	13	1	7	7	17	303	99	65	67	342	1
2695	00	6	2	1	13	1	3	3	205	112	342				
2697	00	6	1	1	0	1	6	6	104	169	98	121	87	342	
2698	00	6	1	1	13	1	2	2	104	15					
2699	00	8	0	1	0	1	3	3	389	342	91				
2702	00	7	-1	1	13	1	4	4	155	402	3	176			
2704	00	7	-1	1	13	3	1	1	224						
2705	00	31	-18	1	13	1	2	2	109	162					
2706	00	31	-18	1	31	1	5	5	267	402	87	294	342		
2804	20	7	-1	2	251	1	2	2	397	162					
2804	10	7	-1	2	13	1	2	2	397	162					
2806	10	32	-5	2	974	1	2	2	244	342					
2807	20	33	0	2	0	1	4	4	202	294	336	321			
2807	10	33	0	2	351	1	2	2	336	321					
2808	10	32	-7	2	113	1	2	2	409	96					
2809	20	32	-4	2	0	1	3	3	245	336	252				
2809	10	32	-4	2	0	1	3	3	245	336	252				
2810	20	32	-11	2	0	1	4	4	178	389	15	176			
2810	10	32	-11	2	0	3	1	1	214						
2812	20	32	-6	2	0	1	4	4	178	389	15	176			
2812	10	32	-6	2	0	3	1	1	214						
2813	10	32	-6	2	974	1	2	2	244	342					
2814	10	32	-9	2	974	1	2	2	244	342					
2815	10	32	-2	2	444	1	5	5	45	95	328	2	176		
2818	10	31	-6	2	0	1	7	7	41	137	249	65	67	342	1
2819	30	31	-7	2	320	1	2	2	326	342					
2819	20	31	-7	2	255	1	2	2	326	342						
2820	10	33	0	2	0	1	7	7	41	137	249	65	67	342	1	
2821	10	31	-10	2	0	1	3	3	65	48	342					
2825	10	33	0	2	0	1	7	7	41	137	249	65	67	342	1	
2826	00	31	-10	2	13	1	8	8	182	186	267	99	53	59	155	211
2827	20	31	-6	2	0	3	1	1	342							
2827	10	31	-6	2	660	3	1	1	417							
2830	10	31	-10	2	0	1	5	5	53	171	59	342	176			
2835	20	31	-9	2	0	1	5	5	67	387	194	342	176			
2835	10	31	-9	2	50	1	2	2	201	277						
2836	20	31	-11	2	251	1	2	2	336	321						
2836	10	31	-11	2	251	1	2	2	336	321						
2839	10	31	-10	2	0	1	7	7	41	137	249	65	67	342	1	
2841	10	31	-19	2	610	3	1	1	15							
2844	10	31	-17	2	121	1	3	3	336	321	176					
2846	20	31	-16	2	412	1	2	2	383	341						
2846	10	31	-16	2	0	1	6	6	225	123	387	342	9	45				
2847	30	31	-17	2	0	1	10	10	343	294	328	391	87	112	294	171	8	342
2847	20	31	-17	2	0	1	7	7	137	155	343	10	81	403	87			
2847	10	31	-17	2	0	1	9	9	386	53	48	342	12	328	328	328	162	
2848	10	31	-13	2	0	1	4	4	67	8	342	176						
2849	20	31	-23	2	251	1	2	2	336	321								
2849	10	31	-23	2	251	1	2	2	336	321								
2851	20	31	-19	2	137	1	3	3	325	347	342							
2852	30	31	-19	2	95	1	3	3	245	342	1							
2852	20	31	-19	2	11	1	4	4	98	319	51	130						
2852	10	31	-19	2	45	1	2	2	65	211								
2854	10	31	-14	2	111	3	1	1	63									
2856	00	31	-15	2	13	1	2	2	102	15								
2857	10	31	-17	2	113	1	2	2	409	96								
2858	00	31	-21	2	13	1	2	2	104	162								
2860	10	31	-13	2	11	1	10	10	327	303	245	245	125	59	99	17	134	86
2861	10	31	-14	2	0	1	5	5	35	63	129	233	277		
2862	00	31	-17	2	13	1	2	2	102	15					
2863	10	31	-14	2	0	1	6	6	267	99	67	403	87	342	
2864	10	31	-15	2	361	1	4	4	171	8	342	176			
2866	10	31	-18	2	0	1	5	5	35	63	129	233	277		
2867	00	31	-13	2	31	1	5	5	391	99	249	162	342		
2868	10	31	-20	2	71	1	3	3	216	254	176				
2901	20	31	-6	5	0	1	7	7	59	112	194	18	211	87	169
2901	10	31	-6	5	0	3	1	1	363						
2902	20	31	-11	5	0	1	5	5	102	59	249	169	342		
2902	10	31	-11	5	0	3	1	1	405						
2903	20	31	-10	5	0	1	7	7	389	407	124	169	373	287	342
2905	20	31	-12	5	0	1	4	4	87	59	48	342			
2905	10	31	-12	5	0	1	4	4	89	328	287	319			
2906	20	31	-10	5	0	1	4	4	87	59	48	342			
2906	10	31	-10	5	0	1	4	4	89	328	287	319			
2908	10	31	-10	5	0	1	4	4	112	194	327	342				
2909	10	31	-3	5	0	1	4	4	204	245	358	342				
2910	10	31	-7	5	0	1	5	5	53	67	407	124	169			
2911	10	31	-5	5	0	1	7	7	70	112	194	18	211	87	169	
2912	20	31	-7	5	135	1	3	3	249	169	342					
2912	10	31	-7	5	0	1	4	4	389	72	48	342				
2913	10	31	-6	5	0	1	4	4	87	59	348	342				
2914	10	31	-9	5	0	1	7	7	389	407	124	169	373	287	342	
2915	10	31	-17	5	0	1	4	4	204	245	358	342				
2916	10	31	-15	5	0	1	8	8	345	341	18	252	97	25	245	245
2917	10	31	-19	5	0	1	6	6	102	190	48	8	342	373		
2918	20	31	-14	5	0	1	7	7	53	70	336	89	294	8	342	
2921	20	31	-17	5	0	1	2	2	348	342						
2921	10	31	-17	5	0	3	1	1	96							
2923	20	31	-24	6	0	4	5	5	387	12	104	106	312			
2924	00	31	-24	6	0	2	4	4	108	342	1	375				
2925	20	31	-24	6	0	4	2	2	108	315			
2926	00	31	-24	6	0	4	2	2	104	110			
2928	00	31	-18	6	0	5	2	2	104	104			
2929	30	32	-8	4	0	1	4	4	87	343	97	169	
2929	20	32	-8	4	0	2	2	2	104	162			
2929	10	32	-8	4	0	3	1	1	69				
2930	20	32	-6	4	0	2	4	4	267	99	48	342	
2930	10	32	-6	4	0	1	5	5	293	123	345	98	174
2931	20	31	-12	4	0	1	2	2	90	86			
2931	10	31	-12	4	0	1	2	2	87	343			
2934	00	31	-18	4	0	3	1	1	162				
2936	20	31	-18	4	0	1	2	2	169	345			
2937	00	31	-22	2	0	1	3	3	375	375	342		
2938	10	31	-9	4	0	1	2	2	409	96			
2939	00	6	1	4	0	1	2	2	403	87			
2940	00	33	0	7	981	1	5	5	384	384	307	342	176
2941	00	33	0	7	0	1	4	4	86	347	342	176					
2942	10	33	0	7	984	1	3	3	6	267	99						
2945	00	31	-20	7	981	1	2	2	104	169							
2946	00	31	-21	7	982	1	5	5	67	386	194	342	176				
2947	00	31	-18	7	982	1	5	5	67	386	194	342	176				
2949	10	33	0	7	831	5	3	3	162	162	162						
2950	10	33	0	7	831	5	4	4	162	162	162	162					
2952	10	33	0	9	0	1	2	2	287	319							
3001	00	1	0	1	13	1	5	5	336	162	100	86	15				
3015	00	33	0	1	13	3	1	1	40								
3016	00	33	0	1	13	1	8	8	290	290	343	67	65	336	89	211	
3019	00	33	0	1	0	1	3	3	178	389	15						
3021	00	33	0	1	13	1	6	6	87	162	97	104	287	15			
3022	00	33	0	1	13	1	5	5	161	202	409	336	342				
3023	00	33	0	1	13	1	2	2	292	342							
3031	00	33	0	1	13	1	9	9	397	307	268	402	99	72	249	162	342
3036	00	33	0	1	13	1	2	2	341	12					
3039	00	33	0	1	13	1	6	6	267	99	86	103	403	342	
3044	00	33	0	1	0	1	5	5	391	99	98	296	342		
3064	00	33	0	1	11	1	2	2	124	342					
3067	00	33	0	1	13	1	7	7	186	125	59	391	97	59	211
3068	00	33	0	1	13	1	4	4	216	123	222	254			
3069	00	33	0	1	351	1	3	3	150	123	342				
3070	00	33	0	1	45	1	2	2	65	68					
3074	00	33	0	1	13	1	4	4	65	67	59	211			
3075	00	33	0	1	13	1	2	2	86	15					
3078	20	33	0	1	0	1	2	2	112	162					
3078	10	33	0	1	11	1	4	4	48	336	51	342			
3079	00	33	0	1	0	1	3	3	205	102	190				
3081	00	33	0	1	13	1	2	2	89	12					
3083	00	33	0	1	13	1	6	6	18	162	99	25	84	12	
3085	00	33	0	1	13	1	7	7	197	28	343	86	124	25	342
3087	00	33	0	1	13	1	8	8	54	180	99	387	48	17	406	162		
3088	00	33	0	1	0	1	6	6	391	99	98	25	245	245				
3089	00	33	0	1	13	1	8	8	415	125	59	99	65	67	53	342		
3090	00	33	0	1	13	1	6	6	267	99	72	97	347	342				
3091	00	35	0	1	13	1	5	5	391	123	387	72	211					
3092	00	35	0	1	13	1	3	3	284	14	176							
3094	00	35	0	1	13	1	7	7	323	245	344	51	130	149	342			
3095	00	35	0	1	0	1	2	2	326	15								
3096	00	35	0	1	0	1	7	7	267	99	53	72	112	197	342			
3097	00	35	0	1	13	1	6	6	153	233	59	99	387	71				
3098	00	35	0	1	13	1	4	4	293	123	209	381						
3099	00	35	0	1	13	1	4	4	391	99	102	162						
3100	00	35	0	1	0	1	10	10	18	240	197	252	97	389	87	59	342	139
3102	00	35	0	1	0	1	5	5	65	359	341	342	1					
3103	00	35	0	1	13	1	3	3	171	59	211							
3104	00	35	0	1	13	1	7	7	203	343	87	59	8	342	1			
3105	00	34	0	1	13	1	5	5	17	293	197	336	249									
3106	20	36	0	1	13	1	5	5	205	261	99	387	68									
3106	10	36	0	1	13	1	5	5	205	261	99	387	68									
3107	00	36	0	1	0	1	14	14	341	309	267	99	389	72	102	287	373	287	342	145	407	169
3109	00	36	0	1	13	1	10	10	89	245	245	223	99	70	336	89	178	180				
3110	00	36	0	1	13	1	8	8	186	293	99	387	336	89	347	342						
3111	00	36	0	1	13	1	5	5	267	99	387	162	375									
3112	00	36	0	1	13	1	4	4	218	343	87	60										
3113	00	36	0	1	13	1	4	4	180	123	72	211										
3115	00	36	0	1	71	1	5	5	264	302	253	230	342									
3116	00	36	0	1	13	1	5	5	65	87	332	58	342									
3118	00	36	0	1	13	1	4	4	215	87	50	342										
3120	00	36	0	1	0	1	6	6	65	67	51	130	149	342								
3121	00	36	0	1	95	1	5	5	267	99	67	48	342									
3122	00	36	0	1	113	1	4	4	48	336	89	211										
3132	00	18	0	1	0	2	3	3	102	59	342											
3145	00	8	0	1	999	1	4	4	386	171	59	211			
3147	00	33	0	1	13	3	1	1	40						
3151	00	37	0	1	31	1	7	7	87	186	177	99	72	127	342
3152	00	37	0	1	12	2	2	2	387	342					
3153	00	37	0	1	13	1	7	7	387	267	99	336	89	135	342
3154	00	37	0	1	13	1	4	4	253	230	358	342			
3156	00	37	0	1	0	1	6	6	65	336	89	373	287	342	
3157	00	38	0	1	31	3	1	1	60						
3158	00	38	0	1	13	1	3	3	109	245	245				
3159	00	38	0	1	13	1	3	3	104	162	176				
3160	00	38	0	1	13	1	7	7	267	99	70	72	336	89	211
3161	00	38	0	1	0	1	6	6	53	87	59	127	358	342	
3163	00	39	0	1	61	1	2	2	327	293					
3164	00	39	0	1	13	1	7	7	267	99	87	59	192	347	342
3165	00	39	0	1	13	1	4	4	67	204	155	211			
3206	10	33	0	2	0	1	7	7	41	137	249	65	67	342	1
3213	00	33	0	2	0	2	3	3	87	59	342				
3216	10	33	0	2	0	1	7	7	41	137	249	65	67	342	1
3217	00	33	0	2	13	1	5	5	199	99	106	287	342		
3218	00	33	0	2	0	2	3	3	102	59	342				
3220	10	33	0	2	0	1	7	7	41	137	249	65	67	342	1
3222	00	33	0	2	0	1	7	7	41	137	249	65	67	342	1
3223	00	33	0	2	0	1	3	3	373	8	342				
3224	10	33	0	2	444	1	5	5	45	95	328	2	176		
3225	10	33	0	2	974	1	2	2	244	342					
3226	10	33	0	2	974	1	2	2	244	342					
3228	10	33	0	2	974	1	2	2	244	342					
3230	10	33	0	2	444	1	5	5	45	95	328	2	176		
3232	20	33	0	2	0	1	6	6	175	230	53	294	342	176	
3232	10	33	0	2	0	1	7	7	267	99	54	54	171	8	342
3234	20	35	0	2	0	1	6	6	197	132	345	387	135	342	
3234	10	35	0	2	45	1	4	4	28	326	328	283			
3236	00	36	0	2	0	2	3	3	345	104	169					
3238	10	18	0	2	0	1	2	2	48	342						
3244	00	38	0	2	0	1	3	3	375	375	342					
3245	00	38	0	2	0	2	2	2	102	15						
3246	10	38	0	2	0	1	8	8	387	102	59	342	375	375	342	1
3248	20	39	0	2	0	1	3	3	59	35	176					
3248	10	39	0	2	0	1	2	2	391	341						
3249	10	39	0	2	0	1	5	5	53	171	59	342	176			
3251	00	38	0	4	0	1	3	3	41	245	342					
3252	00	38	0	4	0	1	3	3	182	293	342					
3301	10	24	0	5	0	1	6	6	102	190	48	8	342	373		
3302	20	25	0	5	0	1	3	3	72	194	169					
3302	10	25	0	5	0	2	3	3	336	89	87					
3303	10	30	0	5	0	1	7	7	70	112	194	18	211	87	169	
3304	10	30	0	5	0	1	7	7	65	336	89	407	169	183	169	
3306	10	30	0	5	0	1	4	4	204	245	358	342				
3312	10	33	0	5	0	1	7	7	65	336	89	407	169	183	169	
3313	20	33	0	5	0	2	4	4	389	72	326	342				
3313	10	33	0	5	0	3	1	1	346							
3314	10	33	0	5	0	1	4	4	204	245	358	342				
3315	20	31	-3	5	0	1	7	7	389	407	124	169	373	287	342	
3315	10	31	-3	5	0	3	1	1	362							
3316	10	33	0	5	0	1	8	8	295	87	97	252	97	25	245	245
3317	10	33	0	5	0	1	4	4	65	72	62	342				
3319	10	33	0	5	0	1	2	2	287	319						
3320	20	33	0	5	0	1	6	6	201	99	48	342	67	138		
3320	10	33	0	5	0	1	2	2	287	319						
3321	10	33	0	5	0	1	4	4	112	194	327	342				
3322	10	33	0	5	0	1	5	5	53	67	407	124	169			
3323	10	33	0	5	0	1	4	4	389	72	326	342				
3328	10	33	0	5	0	1	5	5	336	89	296	342	98			
3331	10	33	0	5	0	1	7	7	65	336	89	407	169	183	169	
3332	10	33	0	5	0	1	5	5	53	67	407	124	169			
3334	20	33	0	5	0	1	3	3	204	245	342					
3334	10	33	0	5	0	3	1	1	184							
3335	20	33	0	5	0	1	3	3	72	194	169					
3336	10	33	0	5	0	1	5	5	336	89	296	342	98			
3337	00	33	0	5	0	1	7	7	65	336	89	407	169	183	169	
3339	10	33	0	5	0	1	4	4	204	245	358	342				
3341	10	33	0	5	0	1	4	4	204	245	358	342				
3342	10	33	0	5	0	1	4	4	204	245	358	342				
3343	20	33	0	5	0	1	4	4	389	72	326	342				
3343	10	33	0	5	0	3	1	1	346							
3344	10	33	0	5	0	1	8	8	295	87	97	252	97	25	245	245
3345	10	33	0	5	0	1	4	4	389	72	48	342				
3346	00	33	0	5	0	1	4	4	389	72	48	342				
3350	10	33	0	5	0	1	4	4	171	59	407	169				
3351	10	33	0	5	0	1	4	4	102	59	8	342				
3352	10	33	0	5	0	1	4	4	171	59	407	169				
3353	10	33	0	5	0	1	4	4	204	245	358	342				
3355	10	33	0	5	0	1	7	7	65	336	89	407	169	183	169	
3356	10	33	0	5	0	1	4	4	336	89	296	342				
3357	10	25	0	5	0	1	6	6	102	190	48	8	342	373		
3358	10	36	0	5	0	1	7	7	389	407	124	169	373	287	342	
3359	10	36	0	5	0	1	4	4	204	245	358	342				
3360	20	36	0	5	0	2	7	7	59	112	194	18	211	87	169	
3360	10	36	0	5	0	3	1	1	363							
3361	10	36	0	5	0	1	4	4	204	245	358	342				
3362	10	36	0	5	0	1	8	8	345	341	18	252	97	25	245	245
3363	10	36	0	5	0	1	6	6	102	190	48	8	342	373		
3364	20	28	0	5	0	1	3	3	72	194	169					
3364	10	28	0	5	0	2	3	3	336	89	87					
3365	00	28	0	5	0	1	7	7	389	407	124	169	373	287	342	
3368	10	28	0	5	0	1	5	5	336	89	296	342	98			
3369	10	28	-3	5	0	1	7	7	389	407	124	169	373	287	342
3371	10	18	0	5	0	1	4	4	204	245	358	342			
3372	10	18	0	5	0	1	5	5	53	67	407	124	169		
3373	10	18	0	5	0	1	7	7	59	112	194	18	211	87	169
3374	10	18	0	5	0	1	5	5	53	67	407	124	169		
3376	00	18	0	5	0	1	7	7	389	407	124	169	373	287	342
3378	10	17	-3	5	0	1	3	3	245	184	252				
3379	10	17	-4	5	0	1	4	4	204	245	358	342			
3381	10	15	0	5	0	1	7	7	65	336	89	407	169	183	169
3384	10	5	0	5	0	1	7	7	65	336	89	407	169	183	169
3385	10	5	0	5	0	1	7	7	389	407	124	169	373	287	342
3386	10	8	0	5	0	1	4	4	204	245	358	342			
3387	10	8	0	5	0	1	7	7	389	407	124	169	373	287	342
3388	00	22	0	5	0	1	4	4	336	89	296	342			
3390	00	20	-5	5	0	1	5	5	336	89	296	342	98		
3391	10	20	0	5	0	1	3	3	87	155	169				
3392	10	20	-6	5	0	1	4	4	336	89	296	342						
3393	10	22	0	5	0	1	8	8	345	341	18	252	97	25	245	245		
3398	20	20	0	5	0	1	3	3	204	245	342							
3398	10	20	0	5	0	3	1	1	184									
3404	10	39	0	5	0	1	4	4	204	245	358	342						
3405	10	39	0	5	0	1	4	4	389	72	326	342						
3414	20	39	0	5	0	1	7	7	389	407	124	169	373	287	342			
3414	10	39	0	5	0	3	1	1	363									
3501	00	33	0	7	984	1	3	3	387	135	342							
3502	00	33	0	7	984	1	3	3	48	342	176							
3504	00	33	0	7	0	1	3	3	386	216	342							
3510	00	25	0	9	0	1	2	2	244	407								
3511	00	30	0	9	0	1	2	2	366	406								
3512	00	33	0	9	0	1	4	4	188	302	78	202						
3513	00	33	0	9	0	3	1	1	403									
4001	00	47	-6	1	13	1	10	10	301	149	100	336	89	249	169	342	98	174
4002	00	40	-3	1	13	1	7	7	330	245	256	99	112	194	342			
4004	00	47	-5	1	13	1	8	8	300	17	293	87	326	54	336	293		
4005	00	42	-5	1	13	1	10	10	267	99	65	67	59	387	51	130	149	342
4006	00	47	-5	1	13	1	6	6	261	367	87	98	304	186				
4008	00	47	-5	1	13	1	6	6	302	214	97	150	127	293				
4009	00	42	-5	1	13	1	2	2	112	59								
4010	00	40	-4	1	13	1	4	4	150	197	252	391						
4012	00	40	-9	1	13	1	7	7	245	245	127	345	48	342	71			
4013	00	41	-4	1	13	1	6	6	72	336	89	48	247	342				
4015	00	56	-3	1	13	1	6	6	387	171	59	336	89	211				
4016	00	42	-5	1	13	1	7	7	391	97	53	67	70	327	342			
4017	00	40	-6	1	13	1	7	7	87	284	342	98	178	389	15			
4018	00	47	-6	1	13	1	2	2	296	342								
4019	00	43	-5	1	13	1	10	10	216	123	389	87	59	51	130	149	48	342
4020	00	48	-11	1	13	1	10	10	293	233	59	99	387	336	89	112	194	342
4022	00	47	-6	1	13	1	9	9	267	99	389	65	72	222	254	124	169	
4023	00	40	-4	1	13	1	8	8	183	169	99	389	72	182	293	342	
4024	00	46	-5	1	13	1	4	4	75	180	391	252					
4025	00	47	-5	1	13	1	9	9	412	123	53	171	59	121	342	222	254
4026	00	45	-7	1	13	1	5	5	216	123	67	342	139				
4028	00	42	-9	1	13	1	9	9	307	86	99	387	53	65	336	89	211
4029	00	43	-12	1	13	1	2	2	387	15							
4030	00	42	-5	1	13	1	3	3	135	358	342						
4031	00	42	-13	1	13	1	2	2	228	342							
4033	00	47	-7	1	13	1	4	4	102	17	8	342					
4034	00	47	-11	1	13	1	6	6	417	267	99	53	194	342			
4035	00	53	-4	1	13	1	5	5	267	99	9	342	1				
4036	00	53	-2	1	13	1	6	6	379	343	87	59	72	14			
4042	00	46	-3	1	13	1	3	3	244	17	252						
4043	00	45	-7	1	11	1	5	5	391	99	9	342	1				
4044	00	41	-5	1	13	1	5	5	87	59	72	341	342				
4046	00	42	-5	1	13	2	6	6	59	209	211	100	273	87			
4047	00	41	-6	1	13	1	5	5	116	169	48	8	342		
4050	00	45	-3	1	13	1	3	3	197	267	402				
4052	00	44	0	1	13	1	5	5	412	123	67	72	211		
4055	00	44	-9	1	13	1	6	6	87	322	99	336	89	211	
4056	00	41	-7	1	11	1	6	6	150	123	53	67	72	211	
4057	00	42	-2	1	13	1	5	5	267	99	65	135	342		
4069	00	47	-5	1	11	1	4	4	345	341	189	252			
4072	00	45	-10	1	13	1	7	7	319	379	402	97	65	53	342
4073	00	47	-8	1	13	1	6	6	267	99	102	59	347	12	
4074	00	43	-10	1	13	1	3	3	136	193	342				
4075	20	40	-12	1	0	1	7	7	267	99	87	155	249	162	342
4075	10	40	-12	1	13	1	7	7	267	99	87	155	249	162	342
4076	00	40	-5	1	13	1	4	4	65	182	293	342			
4077	00	41	-8	1	13	1	3	3	87	141	169				
4078	00	42	-5	1	13	1	5	5	391	97	67	127	342		
4079	00	57	-3	1	13	1	6	6	204	329	99	67	48	342	
4081	00	41	-4	1	13	1	8	8	121	65	336	89	389	102	287	342
4082	00	40	-9	1	13	1	7	7	335	162	343	67	249	162	342	
4083	00	43	-7	1	13	1	6	6	375	267	99	336	89	211		
4084	00	40	-7	1	13	1	7	7	102	287	329	343	67	8	342	
4085	00	40	-5	1	13	1	4	4	267	402	102	162				
4086	00	40	-2	1	13	1	2	2	122	14						
4087	00	44	-6	1	13	1	6	6	336	64	99	102	287	342		
4088	00	40	-4	1	13	1	5	5	267	99	65	359	342			
4089	00	42	-8	1	13	3	1	1	85							
4090	00	42	-16	1	13	1	5	5	267	99	67	244	342			
4091	00	47	-6	1	13	1	2	2	102	190						
4092	00	42	-6	1	13	1	5	5	267	99	70	222	254			
4093	00	46	-28	1	13	1	2	2	173	342						
4094	00	41	-6	1	13	1	3	3	119	87	342					
4096	00	48	-9	1	13	1	3	3	215	194	267					
4097	00	47	-6	1	13	1	6	6	391	99	391	252	175	180		
4099	00	47	-6	1	13	1	4	4	373	249	169	342					
4101	00	44	-7	1	13	1	6	6	267	99	59	70	296	342			
4103	00	52	-3	1	13	1	8	8	94	400	402	99	67	171	8	342	
4104	00	53	-4	1	13	1	9	9	293	123	345	65	67	70	249	162	342
4105	00	40	-3	1	13	1	7	7	65	70	358	342	178	389	15		
4106	00	53	-6	1	13	1	7	7	121	121	171	123	67	348	342		
4107	00	42	-14	1	13	1	5	5	28	277	99	104	169				
4110	00	40	-16	1	11	1	4	4	150	123	48	342					
4112	00	44	-3	1	13	1	5	5	267	99	387	72	211				
4113	00	53	-1	1	13	1	5	5	27	345	72	53	342				
4114	00	49	-11	1	13	1	4	4	295	345	104	169					
4115	00	42	-16	1	13	1	2	2	86	250							
4116	00	47	-20	1	13	1	5	5	391	99	109	59	12				
4117	00	47	-3	1	13	1	4	4	267	99	65	388					
4118	00	42	-10	1	13	1	7	7	412	123	98	51	130	149	342		
4119	00	40	-9	1	13	1	9	9	267	99	53	182	293	112	197	342	176
4120	00	47	-9	1	13	1	3	3	25	245	245			
4122	00	53	-7	1	13	1	3	3	205	102	162			
4123	20	43	-14	1	0	1	6	6	245	307	307	249	307	342
4123	10	43	-14	1	0	1	5	5	384	99	205	245	342	
4124	00	43	-10	1	13	1	2	2	77	342				
4125	00	42	-9	1	13	1	4	4	67	301	155	211		
4126	00	53	-6	1	13	1	4	4	267	99	102	162		
4128	00	47	-9	1	13	1	4	4	102	17	8	342		
4129	00	44	-6	1	13	1	2	2	47	211				
4130	00	42	-6	1	13	1	4	4	170	75	245	245		
4131	00	53	-4	1	13	1	6	6	28	169	343	249	169	342
4132	00	49	-4	1	13	1	5	5	328	343	249	162	342	
4133	00	41	-8	1	13	1	4	4	102	216	245	245		
4134	00	44	-7	1	13	1	5	5	391	99	106	287	342	
4135	00	46	0	1	13	1	4	4	87	28	257	99		
4137	00	40	-5	1	13	1	4	4	124	25	176	342		
4138	00	49	-14	1	13	1	4	4	103	403	347	342			
4139	00	40	-10	1	11	1	5	5	305	123	249	162	342		
4140	00	43	-15	1	13	1	3	3	67	72	204				
4141	00	41	-14	1	13	1	7	7	155	162	99	102	59	342	1
4142	00	47	-8	1	13	1	3	3	341	8	342				
4143	00	47	-8	1	13	1	4	4	87	59	342	1			
4146	00	43	-18	1	13	1	2	2	124	342					
4147	00	40	-12	1	13	1	5	5	328	343	89	294	342		
4148	00	44	-6	1	13	1	4	4	86	175	176	211			
4152	00	52	-2	1	11	1	6	6	391	99	100	287	194	342	
4155	00	44	-7	1	11	1	2	2	124	342					
4160	00	44	-2	1	13	1	2	2	104	169					
4161	00	40	-13	1	13	1	4	4	249	162	342	176			
4162	00	41	-12	1	13	1	7	7	87	249	343	175	230	53	342
4163	00	52	-2	1	13	1	4	4	254	98	380	32			
4164	00	41	-10	1	13	1	5	5	102	59	342	1	176		
4165	00	41	-14	1	13	1	2	2	283	162					
4166	00	44	-6	1	13	1	2	2	86	15					
4171	00	40	-2	1	13	1	2	2	109	59					
4181	00	56	-4	1	13	1	2	2	416	342					
4211	00	44	-3	1	999	1	4	4	86	336	89	211			
4220	00	41	-6	1	0	1	3	3	252	382	391				
4222	20	40	-8	1	0	2	2	2	197	169					
4222	10	40	-8	1	0	1	3	3	197	169	345				
4223	00	42	-9	1	870	2	2	2	224	176					
4227	00	40	-7	1	71	1	5	5	127	55	84	402	212		
4229	00	42	-16	1	71	1	7	7	89	99	173	59	398	48	15
4230	00	47	-8	1	71	1	5	5	150	123	302	155	211		
4231	00	45	0	1	71	1	2	2	328	307					
4232	00	51	0	1	31	1	5	5	267	99	59	59	211		
4233	00	40	-17	1	31	1	3	3	86	230	211				
4235	00	40	-11	1	45	1	2	2	40	176					
4237	00	49	-15	1	31	1	3	3	87	284	342							
4238	00	42	-12	1	45	1	6	6	343	229	59	99	112	162				
4239	00	40	-10	1	61	1	4	4	89	106	287	342						
4240	00	42	-6	1	61	1	3	3	330	245	342							
4241	00	41	-6	1	45	1	7	7	22	47	343	65	67	8	342			
4245	00	53	-3	1	45	1	7	7	261	186	343	171	8	391	252			
4246	00	44	-8	1	95	3	1	1	31									
4249	00	40	-10	1	251	1	3	3	281	342	402							
4253	00	40	-11	1	113	1	4	4	391	403	87	342						
4254	00	47	-6	1	0	1	10	10	389	171	59	341	342	336	89	211	2	14
4260	00	43	-19	1	0	1	5	5	249	28	99	216	254					
4261	00	41	-2	1	0	1	7	7	150	123	53	171	59	226	342			
4262	00	40	-7	1	0	1	6	6	72	186	301	155	347	342				
4263	00	40	-9	1	0	1	7	7	343	87	59	67	403	87	342			
4264	00	40	-5	1	0	1	7	7	267	99	102	59	249	169	342			
4266	00	48	-5	1	0	1	6	6	89	381	28	174	180	97				
4267	00	47	-6	1	0	1	3	3	204	267	402							
4268	00	40	-3	1	0	1	5	5	267	99	87	326	342					
4269	00	40	-3	1	0	1	10	10	319	83	267	99	87	59	65	342	124	169
4270	00	42	-5	1	0	1	6	6	267	99	389	70	348	342				
4272	00	47	-2	1	0	1	6	6	150	123	375	385	81	342				
4274	00	40	-7	1	0	1	8	8	65	72	99	155	102	287	87	169		
4275	00	40	0	1	0	1	9	9	391	99	65	244	58	336	89	124	169	
4276	20	42	-11	1	0	2	2	2	112	402								
4276	10	42	-11	1	0	1	4	4	178	389	15	176						
4279	00	59	0	1	0	2	3	3	389	121	342							
4280	00	47	-9	1	0	1	3	3	54	307	413							
4282	00	41	-5	1	0	1	6	6	267	99	98	178	389	15				
4283	00	42	-2	1	0	1	5	5	293	293	293	342	126					
4284	00	42	-7	1	0	1	3	3	204	245	15							
4285	00	43	-8	1	0	1	3	3	65	67	211							
4289	00	47	-6	1	0	1	3	3	87	59	342							
4296	00	46	-20	1	0	1	6	6	241	287	319	176	51	176	
4297	00	57	-4	1	0	1	7	7	249	169	342	98	178	389	15
4298	00	47	-6	1	0	1	2	2	389	224					
4303	10	44	-7	2	600	1	3	3	391	391	342				
4304	20	40	-10	2	550	1	6	6	402	188	343	249	162	12	
4304	10	40	-10	2	700	1	6	6	402	188	343	249	162	12	
4305	30	40	-12	2	530	3	1	1	344						
4305	20	40	-12	2	530	3	1	1	344						
4305	10	40	-12	2	530	3	1	1	344						
4306	20	47	-1	2	822	1	3	3	403	87	342				
4306	10	47	-1	2	710	1	3	3	403	87	342				
4307	10	40	-12	2	0	1	3	3	48	8	342				
4309	10	43	-15	2	540	1	3	3	155	342	249				
4311	00	40	-8	2	352	3	1	1	384						
4312	10	40	-4	2	0	1	4	4	70	53	48	342			
4314	20	40	-7	2	23	1	2	2	87	328					
4314	10	40	-7	2	0	1	5	5	267	99	67	294	342		
4315	10	56	-2	2	0	1	5	5	210	169	99	67	211		
4316	10	56	-4	2	0	1	7	7	267	99	86	336	12	89	328
4318	10	40	-5	2	0	1	3	3	341	342	176				
4319	10	45	-2	2	0	2	7	7	293	123	343	106	402	336	321
4320	10	40	-9	2	0	1	5	5	47	48	8	342	176		
4321	20	42	-7	2	851	1	2	2	345	328					
4321	10	42	-7	2	0	1	4	4	67	135	347	342			
4322	10	40	-9	2	0	1	4	4	337	294	15	176			
4323	10	42	-3	2	0	1	3	3	178	389	15				
4324	20	40	-13	2	441	1	2	2	87	328					
4324	10	40	-13	2	0	1	4	4	59	59	155	211			
4325	10	40	-7	2	0	1	5	5	171	8	342	1	176		
4326	10	42	-6	2	0	1	4	4	267	99	104	169			
4327	10	42	-2	2	0	1	5	5	293	59	307	268	176		
4328	10	43	-4	2	0	1	4	4	287	319	134	86			
4329	10	43	-7	2	0	1	3	3	403	294	15								
4331	10	44	-6	2	0	1	4	4	175	230	53	342							
4332	10	52	-1	2	0	1	4	4	175	230	53	342							
4335	10	40	-4	2	0	1	11	11	389	171	59	182	293	51	130	149	249	169	342
4337	10	42	-1	2	0	1	5	5	127	342	176	403	340						
4338	10	40	-6	2	0	1	4	4	204	112	342	176							
4340	10	40	-8	2	0	1	5	5	391	99	40	89	328						
4341	10	42	-8	2	0	1	4	4	178	389	15	176							
4342	20	40	-12	2	0	1	2	2	87	328									
4342	10	40	-12	2	0	1	4	4	65	8	342	176							
4343	20	42	-9	2	11	1	4	4	65	59	48	342							
4343	10	42	-9	2	11	1	5	5	267	99	67	135	342						
4344	20	42	-5	2	0	1	6	6	177	197	192	341	89	328					
4344	10	42	-5	2	0	1	4	4	263	343	113	342							
4345	20	53	-6	2	0	1	2	2	89	328									
4345	10	53	-6	2	0	1	6	6	242	336	56	67	244	342					
4346	20	59	0	2	0	1	2	2	95	328					
4346	10	59	0	2	0	1	5	5	150	123	67	244	342		
4347	10	40	-12	2	0	1	3	3	325	342	176				
4348	20	45	-13	2	0	1	2	2	87	328					
4348	10	45	-13	2	0	1	6	6	121	51	130	149	342	176	
4349	20	53	-4	2	0	1	6	6	177	197	192	342	87	328	
4350	20	53	-4	2	0	2	2	2	89	328					
4350	10	53	-4	2	0	1	5	5	340	94	343	389	342		
4351	20	41	-7	2	0	1	6	6	177	197	192	341	89	328	
4351	10	41	-7	2	0	1	7	7	343	216	162	99	387	53	342
4352	20	41	-6	2	0	1	2	2	89	328					
4352	10	41	-6	2	0	1	5	5	53	171	59	342	176		
4353	20	43	-10	2	0	1	2	2	89	328					
4353	10	43	-10	2	0	1	3	3	173	403	12				
4355	10	53	-4	2	0	1	4	4	9	48	8	342			
4356	10	43	-16	2	0	2	4	4	109	59	211	176			
4357	20	42	-3	2	0	2	2	2	87	328					
4357	10	42	-3	2	0	1	3	3	42	15	176				
4358	20	44	-4	2	0	1	2	2	87	328					
4358	10	44	-4	2	0	1	7	7	387	65	72	336	89	342	176
4359	20	57	0	2	0	1	2	2	87	328					
4359	10	57	0	2	0	1	2	2	272	402					
4360	20	45	-13	2	0	1	2	2	87	328					
4360	10	45	-13	2	0	1	3	3	72	216	254				
4361	20	42	-18	2	0	1	2	2	95	328					
4361	10	42	-18	2	0	1	4	4	124	25	176	342			
4362	20	40	-5	2	0	1	3	3	67	72	211				
4362	10	40	-5	2	0	1	3	3	233	342	176				
4363	20	45	-16	2	0	1	2	2	328	59					
4364	20	41	-12	2	0	1	2	2	87	328					
4364	10	41	-12	2	0	3	1	1	7						
4368	20	57	-5	2	910	1	2	2	87	328					
4368	10	57	-5	2	910	2	5	5	153	153	48	342	176		
4369	20	42	-13	2	831	2	2	2	87	328					
4369	10	42	-13	2	910	1	4	4	114	193	342	176			
4370	20	53	-4	2	0	1	2	2	87	328					
4370	10	53	-4	2	0	1	4	4	391	99	226	254			
4371	20	42	-10	2	0	1	2	2	89	328					
4371	10	42	-10	2	0	1	7	7	53	67	72	182	293	342	176
4372	20	40	-10	2	0	1	2	2	87	46					
4372	10	40	-10	2	0	1	6	6	48	136	193	342	176	176	
4373	20	45	0	2	0	1	2	2	89	328					
4373	10	45	0	2	0	1	5	5	67	72	342	388	176		
4374	20	44	-6	2	0	2	2	2	89	328					
4374	10	44	-6	2	0	1	2	2	72	211					
4375	20	44	-10	2	0	1	2	2	89	328					
4376	20	53	-9	2	910	1	2	2	89	328					
4378	20	53	-8	2	0	2	2	2	87	328					
4378	10	53	-8	2	0	1	2	2	7	176			
4379	00	45	-4	2	0	1	3	3	373	342	176		
4381	20	53	-5	2	0	1	2	2	87	328			
4382	00	47	-7	1	0	2	2	2	102	162			
4386	20	40	-6	2	0	1	2	2	89	328			
4387	20	42	-12	2	930	1	2	2	89	328			
4387	10	42	-12	2	930	1	3	3	48	342	176		
4401	20	41	-7	3	0	3	1	1	328				
4401	10	41	-7	3	0	3	1	1	89				
4402	20	45	-15	3	0	1	2	2	87	328			
4402	10	45	-15	3	0	1	3	3	325	347	342		
4403	20	41	-5	3	0	2	2	2	89	328			
4403	10	41	-5	3	0	2	3	3	48	342	176		
4404	20	43	-15	3	0	2	2	2	87	328			
4404	10	43	-15	3	0	2	5	5	293	123	343	48	15
4405	20	42	-15	3	0	1	2	2	89	328			
4405	10	42	-15	3	0	2	3	3	48	342	176	
4406	20	53	-6	3	0	1	2	2	95	328		
4406	10	53	-6	3	0	1	3	3	100	326	342	
4407	20	47	-16	3	910	1	2	2	87	328		
4407	10	47	-16	3	910	1	2	2	138	176		
4408	10	44	-8	3	920	1	3	3	171	59	211	
4409	00	44	-8	3	0	1	4	4	86	326	15	176
4410	20	41	-13	3	0	1	2	2	89	328		
4410	10	41	-13	3	0	2	3	3	72	223	254	
4411	20	42	-17	3	0	1	4	4	258	347	342	176
4411	10	42	-17	3	0	3	1	1	59			
4412	20	41	-14	3	0	3	1	1	44			
4412	10	41	-14	3	0	1	3	3	171	59	211	
4413	10	41	-9	3	0	3	1	1	224			
4414	00	42	-7	3	0	1	2	2	7	176		
4415	20	53	-11	3	900	1	4	4	65	341	342	176
4415	10	53	-11	3	900	1	2	2	104	149		
4416	20	42	-12	3	920	1	2	2	289	342		
4416	10	42	-12	3	920	1	2	2	391	123		
4417	10	42	-16	3	460	1	2	2	104	162		
4418	10	41	-14	3	900	2	3	3	171	59	211	
4419	20	53	-1	3	0	1	2	2	87	328		
4419	10	53	-1	3	0	1	4	4	48	193	342	176
4420	20	44	-4	3	0	1	2	2	87	328		
4421	00	44	-6	3	171	1	3	3	379	307	176	
4422	00	42	-12	3	171	1	3	3	379	307	176	
4423	00	41	-1	3	171	1	3	3	379	307	176	
4424	00	42	-15	3	171	1	2	2	104	162		
4425	00	42	-13	3	171	1	2	2	104	162		
4426	10	41	-14	3	390	1	2	2	104	162		
4427	20	53	-11	3	371	1	4	4	142	403	87	342
4427	10	53	-11	3	371	1	3	3	267	402	149	
4428	20	41	-10	3	371	1	2	2	95	328			
4428	10	41	-10	3	371	1	2	2	72	211			
4429	10	40	-16	3	0	1	2	2	40	176			
4430	10	42	-19	3	0	2	4	4	258	347	342	176	
4431	10	42	-17	3	0	2	4	4	258	347	342	176	
4433	10	41	-6	3	0	2	4	4	258	347	342	176	
4434	10	42	-16	3	0	2	4	4	258	347	342	176	
4435	10	42	-12	3	0	2	4	4	258	347	342	176	
4437	20	53	-11	3	0	2	3	3	87	253	194		
4437	10	53	-11	3	0	3	1	1	59				
4438	10	40	-7	3	0	3	1	1	59				
4439	20	45	-6	3	0	2	3	3	104	368	342		
4439	10	45	-6	3	0	3	1	1	326				
4440	10	51	0	3	0	1	5	5	65	87	294	342	176
4441	10	42	-17	3	0	1	2	2	267	99			
4442	20	41	-6	3	0	1	4	4	65	67	342	1	
4442	10	41	-6	3	0	3	1	1	249					
4443	10	40	-17	3	0	1	2	2	267	99				
4444	20	44	-4	3	0	1	2	2	89	328				
4444	10	44	-4	3	0	1	4	4	119	87	342	176		
4445	20	53	-5	3	0	2	2	2	89	328				
4445	10	53	-5	3	0	2	4	4	67	244	149	342		
4446	20	53	-4	3	0	1	6	6	177	197	192	341	87	328
4446	10	53	-4	3	0	1	4	4	263	343	113	342		
4447	20	44	-6	3	0	1	4	4	51	130	15	176		
4447	10	44	-6	3	0	1	3	3	249	336	275			
4448	20	41	-6	3	0	1	3	3	95	328	59			
4448	10	41	-6	3	0	1	5	5	173	59	347	342	176	
4449	20	44	-7	3	0	1	5	5	409	94	67	244	342	
4449	10	44	-7	3	0	1	3	3	177	307	284			
4450	20	42	-16	3	0	1	6	6	409	94	67	244	342	176
4450	10	42	-16	3	0	1	3	3	177	307	284			
4451	20	42	-13	3	0	2	2	2	95	328			
4451	10	42	-13	3	0	1	4	4	48	193	342	176	
4452	20	41	-6	3	0	1	3	3	95	59	328		
4452	10	41	-6	3	0	1	5	5	173	59	347	342	176
4453	20	40	-11	3	0	3	1	1	44				
4453	10	40	-11	3	0	1	3	3	171	59	211		
4454	20	40	-12	3	0	1	4	4	205	367	342	176	
4454	10	40	-12	3	0	1	3	3	267	402	149		
4455	20	45	-6	3	0	1	2	2	89	328			
4455	10	45	-6	3	0	1	4	4	205	267	342	176	
4456	20	42	-14	3	0	1	2	2	89	328			
4456	10	42	-14	3	0	1	4	4	119	87	342	176	
4457	20	45	-10	3	0	1	2	2	89	328			
4458	20	45	-6	3	0	2	2	2	95	328			
4458	10	45	-6	3	0	2	3	3	171	59	211		
4459	20	44	-7	3	0	1	2	2	87	328			
4460	20	41	-13	3	0	1	2	2	205	367		
4460	10	41	-13	3	0	1	2	2	267	402		
4461	20	42	-13	3	0	1	2	2	87	328		
4461	10	42	-13	3	0	1	3	3	250	15	176	
4462	20	45	-16	3	0	1	2	2	89	328		
4462	10	45	-16	3	0	1	4	4	100	17	15	176
4463	20	43	-16	3	0	2	2	2	89	328		
4464	20	40	-15	3	0	1	3	3	171	59	211	
4464	10	40	-15	3	0	1	4	4	102	137	87	249
4465	20	47	-10	3	831	1	2	2	296	342		
4465	10	47	-10	3	0	1	3	3	177	307	284	
4466	10	41	-7	3	0	1	2	2	73	176		
4467	00	40	-12	3	0	1	4	4	67	65	342	1
4468	20	42	-15	3	0	1	2	2	89	328		
4468	10	42	-15	3	0	1	2	2	201	280		
4469	20	56	0	3	0	1	2	2	95	328		
4469	10	56	0	3	0	1	2	2	223	342			
4470	20	44	-6	3	0	1	2	2	95	328			
4470	10	44	-6	3	0	1	3	3	173	267	99		
4471	20	53	-4	3	0	2	4	4	67	70	211	176	
4471	10	53	-4	3	0	2	3	3	249	336	275		
4472	20	44	-6	3	0	1	4	4	119	87	342	176	
4472	10	44	-6	3	0	1	2	2	142	149			
4473	20	42	-16	3	0	1	2	2	89	328			
4473	10	42	-16	3	0	1	2	2	416	344			
4474	20	42	-18	3	0	1	2	2	86	211			
4474	10	42	-18	3	0	2	2	2	267	89			
4475	10	43	-13	3	0	1	3	3	250	15	176		
4476	10	59	0	3	0	1	3	3	48	342	176		
4477	20	53	-2	3	0	1	5	5	267	402	149	89	328
4477	10	53	-2	3	0	1	4	4	103	403	87	342	
4478	20	41	-13	3	0	2	4	4	51	130	15	176	
4478	10	41	-13	3	0	1	3	3	249	336	275		
4479	20	53	-7	3	0	2	2	2	87	328			
4479	10	53	-7	3	0	2	2	2	67	12			
4480	20	42	-14	3	0	1	4	4	51	130	15	176	
4480	10	42	-14	3	0	1	3	3	249	336	275		
4481	10	41	-14	3	0	1	2	2	142	149			
4482	20	47	-9	3	0	2	2	2	51	89			
4482	10	47	-9	3	0	2	3	3	173	249	89		
4483	20	42	-12	3	0	1	2	2	89	328			
4484	20	45	-14	3	0	1	2	2	95	328			
4484	10	45	-14	3	0	1	4	4	86	325	15	176	
4485	20	42	-15	3	0	1	5	5	267	402	149	95	328
4485	10	42	-15	3	0	1	3	3	67	347	342		
4486	20	45	-6	3	0	1	2	2	51	89			
4486	10	45	-6	3	0	2	3	3	173	249	89		
4487	20	42	-18	3	0	1	2	2	28	328			
4487	10	42	-18	3	0	1	4	4	67	244	342	176
4488	20	45	-6	3	0	1	2	2	276	284		
4488	10	45	-6	3	0	1	2	2	379	307		
4489	20	45	-6	3	0	1	2	2	89	328		
4489	10	45	-6	3	0	1	3	3	67	12	176	
4490	20	47	-8	3	0	2	2	2	89	328		
4490	10	47	-8	3	0	2	3	3	109	59	211	
4491	20	44	0	3	0	2	2	2	86	328		
4492	20	53	-5	3	0	1	2	2	89	328		
4492	10	53	-5	3	0	1	4	4	205	267	342	176
4493	20	45	-6	3	0	1	2	2	95	328		
4493	10	45	-6	3	0	1	2	2	66	176		
4494	10	41	-4	3	0	1	2	2	216	254		
4497	20	42	-13	3	0	2	2	2	89	328		
4497	10	42	-13	3	0	1	3	3	67	8	342	
4498	20	41	-10	3	0	1	2	2	95	328		
4498	10	41	-10	3	0	1	4	4	249	402	24	327
4499	20	47	-1	3	0	1	2	2	87	328		
4499	10	47	-1	3	0	1	3	3	72	216	254	
4500	20	59	0	3	0	1	2	2	51	89		
4501	20	42	-16	3	0	1	2	2	95	328		
4501	10	42	-16	3	0	1	2	2	73	176		
4502	20	42	-14	3	0	1	2	2	89	328		
4502	10	42	-14	3	0	1	2	2	287	402		
4503	20	42	-17	3	0	2	2	2	95	328		
4503	10	42	-17	3	0	1	2	2	73	176		
4504	20	41	-6	3	0	1	2	2	89	328		
4504	10	41	-6	3	0	1	4	4	205	267	342	176
4505	10	41	-7	3	0	1	2	2	87	253		
4508	20	43	-20	3	0	1	2	2	95	328		
4508	10	43	-20	3	0	1	3	3	48	342	176	
4509	20	42	-13	3	0	1	2	2	89	328		
4509	10	42	-13	3	0	1	3	3	48	342	176	
4510	20	55	-5	3	0	1	2	2	89	328		
4510	10	55	-5	3	0	1	4	4	205	267	342	176
4511	20	43	-12	3	0	2	2	2	89	328		
4512	20	45	-13	3	0	1	2	2	89	328		
4512	10	45	-13	3	0	1	3	3	103	403	342	
4514	20	41	-14	3	0	1	3	3	124	51	342	
4514	10	41	-14	3	0	2	2	2	267	89		
4515	20	44	-4	3	0	1	2	2	87	328		
4516	20	56	-10	3	0	2	2	2	95	328		
4516	10	56	-10	3	0	2	3	3	48	342	176	
4518	20	42	0	3	0	1	2	2	86	211		
4518	10	42	0	3	0	2	2	2	267	89		
4519	20	42	-6	3	0	1	2	2	87	328		
4519	10	42	-6	3	0	1	4	4	103	403	342	176
4520	20	53	-2	3	0	1	2	2	89	328		
4520	10	53	-2	3	0	1	3	3	106	287	342
4521	20	42	-15	3	0	1	2	2	336	321	
4521	10	42	-15	3	831	3	1	1	59		
4522	20	42	-17	3	0	1	2	2	95	328	
4522	10	42	-17	3	0	1	3	3	193	342	176
4523	20	41	-6	3	0	2	2	2	89	328	
4528	20	43	-16	3	0	1	2	2	89	328	
4530	10	55	-5	3	0	2	2	2	336	176	
4534	00	55	-6	3	0	2	2	2	2	176	
4535	10	53	-10	3	0	2	2	2	267	402	
4536	20	41	-13	3	0	1	2	2	263	342	
4536	10	41	-13	3	0	1	2	2	205	367	
4537	20	41	-12	3	0	1	2	2	86	284	
4537	10	41	-12	3	0	1	2	2	86	276	
4543	20	42	-11	3	0	1	2	2	89	328	
4543	10	42	-11	3	0	1	3	3	48	342	176
4544	20	41	-6	3	0	1	2	2	95	328	
4544	10	41	-6	3	0	1	3	3	171	59	211
4547	00	47	-11	3	0	1	2	2	7	176	
4548	20	42	-16	3	0	1	2	2	87	328	
4548	10	42	-16	3	0	1	3	3	48	342	176
4549	20	40	-6	3	0	1	2	2	89	328	
4549	10	40	-6	3	0	1	3	3	284	267	342
4550	20	40	-6	3	0	1	2	2	89	328	
4550	10	40	-6	3	0	1	3	3	201	342	1
4551	20	42	-10	3	0	1	2	2	87	328	
4551	10	42	-10	3	0	1	2	2	72	211	
4553	20	42	-15	3	0	1	2	2	95	328	
4553	10	42	-15	3	0	1	3	3	103	403	342
4554	20	42	-15	3	0	1	2	2	87	328	
4554	10	42	-15	3	0	1	3	3	103	403	342
4555	20	42	-15	3	0	1	2	2	95	328	
4555	10	42	-15	3	0	1	3	3	103	403	342			
4556	20	40	-5	3	910	1	2	2	87	328				
4556	10	40	-5	3	910	1	3	3	87	60	176			
4560	20	42	-12	3	371	3	1	1	87					
4560	10	42	-12	3	371	3	1	1	103					
4561	10	41	-13	3	0	2	2	2	216	123				
4562	20	42	-10	3	0	1	2	2	87	328				
4562	10	42	-10	3	0	2	4	4	67	244	149	342		
4563	00	44	-1	3	0	1	4	4	119	87	342	176		
4564	20	42	-13	3	910	1	2	2	89	328				
4564	10	42	-13	3	910	1	3	3	103	403	342			
4571	20	41	-14	3	0	2	2	2	95	328				
4572	10	41	-5	3	0	2	2	2	106	169				
4573	20	41	-14	3	0	1	6	6	409	94	67	244	342	176
4573	10	41	-14	3	0	1	3	3	177	307	284			
4574	20	42	-12	3	0	1	2	2	95	328				
4575	20	42	-13	3	0	1	2	2	89	328		
4575	10	42	-13	3	0	1	3	3	48	342	176	
4576	30	40	-10	3	0	1	2	2	95	328		
4576	20	40	-10	3	0	1	4	4	67	244	149	342
4576	10	40	-10	3	0	3	1	1	59			
4577	20	42	-12	3	0	1	2	2	95	328		
4577	10	42	-12	3	0	1	4	4	51	130	15	176
4578	10	42	-15	3	0	2	3	3	48	342	59	
4579	20	44	-10	3	0	2	2	2	95	328		
4579	10	44	-10	3	0	1	4	4	51	130	15	176
4580	20	42	-15	3	0	2	2	2	87	328		
4580	10	42	-15	3	0	2	3	3	72	216	254	
4581	30	43	-18	3	0	1	2	2	95	328		
4581	10	43	-18	3	0	3	1	1	137			
4582	20	43	-18	3	0	1	2	2	95	328		
4582	10	43	-18	3	0	1	4	4	67	244	342	176
4583	20	44	-11	3	0	1	4	4	217	81	347	342	
4583	10	44	-11	3	0	1	4	4	171	198	87	284	
4584	20	42	-14	3	0	1	5	5	150	123	67	244	342
4584	10	42	-14	3	0	1	4	4	171	198	87	284	
4585	20	45	-13	3	0	1	2	2	89	328			
4585	10	45	-13	3	0	1	5	5	67	244	342	304	87
4586	30	41	-13	3	0	1	2	2	89	328			
4586	20	41	-13	3	0	1	3	3	267	402	149		
4586	10	41	-13	3	0	1	3	3	48	342	176		
4587	20	42	-16	3	0	1	2	2	95	328			
4587	10	42	-16	3	0	1	4	4	67	244	342	176	
4588	30	44	0	3	0	1	2	2	89	328			
4588	20	44	0	3	0	1	2	2	6	176			
4588	10	44	0	3	0	3	1	1	59				
4589	30	53	-5	3	0	1	2	2	87	328			
4589	20	53	-5	3	0	1	2	2	307	267			
4589	10	53	-5	3	0	1	5	5	48	47	379	245	245
4590	20	41	-6	3	0	1	2	2	102	15			
4590	10	41	-6	3	0	3	1	1	59				
4591	30	41	-8	3	0	1	2	2	95	328			
4591	10	41	-8	3	0	3	1	1	59				
4592	10	45	-6	3	0	1	3	3	307	387	342		
4593	20	45	-15	3	0	2	2	2	89	328			
4594	20	42	-16	2	0	1	2	2	87	328			
4595	20	51	-7	2	351	1	2	2	89	328			
4597	20	44	-5	2	0	1	2	2	89	328			
4599	00	46	-16	9	0	1	5	5	216	33	87	252	391
4601	20	40	-10	2	135	1	2	2	89	328			
4601	10	40	-10	2	135	2	3	3	391	99	40		
4602	20	41	-4	2	0	2	2	2	89	328			
4602	10	41	-4	2	0	1	4	4	249	162	342	176	
4603	20	41	-9	2	0	1	2	2	87	328			
4603	10	41	-9	2	0	1	4	4	171	8	391	252			
4604	20	42	-15	2	0	2	2	2	89	328					
4604	10	42	-15	2	0	1	4	4	109	59	211	176			
4605	20	42	-4	2	0	1	2	2	89	328					
4605	10	42	-4	2	0	1	4	4	102	136	342	176			
4606	20	44	-3	2	0	2	2	2	87	328					
4606	10	44	-3	2	0	2	4	4	171	8	391	252			
4607	20	40	-13	2	0	1	2	2	89	328					
4607	10	40	-13	2	0	2	3	3	375	375	15				
4610	20	42	-13	2	0	1	2	2	87	328					
4610	10	42	-13	2	0	1	3	3	379	307	176				
4613	20	43	0	2	0	1	2	2	89	328					
4614	00	40	-5	1	13	1	7	7	17	327	128	342	97	104	169
4615	00	44	-5	1	13	1	4	4	86	67	342	1			
4617	00	49	-14	1	12	1	2	2	70	12					
4618	00	46	0	1	13	1	3	3	106	287	342				
4627	00	45	-5	1	0	1	3	3	17	336	161			
4628	00	57	-3	1	0	1	4	4	86	178	389	15		
4629	00	47	-7	1	0	1	3	3	103	403	342			
4630	00	57	-5	1	0	1	6	6	417	267	402	97	48	342
4631	00	46	0	1	0	1	5	5	136	247	204	110	342	
4632	00	40	-8	1	0	1	2	2	8	342				
4635	20	42	-18	3	0	1	3	3	171	59	211			
4635	10	42	-18	3	0	3	1	1	59					
4641	20	59	0	2	0	1	2	2	89	328				
4642	30	53	-5	2	0	2	2	2	87	328				
4642	20	53	-5	2	0	1	5	5	245	245	307	342	176	
4642	10	53	-5	2	0	3	1	1	59					
4644	00	44	0	2	371	2	4	4	59	127	15	176		
4645	30	53	-3	2	0	2	2	2	87	328				
4645	20	53	-3	2	0	1	5	5	245	245	307	342	176	
4645	10	53	-3	2	0	3	1	1	59					
4646	20	41	-3	2	441	1	2	2	89	328			
4646	10	41	-3	2	0	1	5	5	65	249	162	342	176
4647	20	45	-10	2	0	2	2	2	87	328			
4648	10	47	-9	2	0	3	1	1	149				
4649	20	53	-7	2	0	1	2	2	87	328			
4649	10	53	-7	2	0	1	3	3	51	130	15		
4650	10	43	-12	2	0	1	3	3	249	162	342		
4651	20	40	-6	2	0	1	4	4	102	216	245	245	
4651	10	40	-6	2	0	1	4	4	103	403	342	176	
4652	10	59	0	2	0	1	2	2	102	25			
4653	20	46	-12	2	0	5	3	3	328	328	328		
4653	10	46	-12	2	0	1	3	3	373	341	342		
4654	00	40	-10	2	0	1	5	5	53	171	59	342	176
4655	00	40	-2	2	0	1	3	3	127	8	342		
4657	00	40	-8	2	11	1	5	5	387	72	87	294	342
4658	20	44	-8	2	371	1	4	4	142	403	87	342	
4658	10	44	-8	2	371	1	3	3	267	402	149			
4659	10	41	-12	2	0	1	3	3	72	211	176			
4660	20	45	-12	2	0	2	2	2	89	328				
4661	10	45	-5	2	0	1	5	5	72	182	293	342	176	
4663	10	44	-8	2	0	1	2	2	25	97				
4664	10	41	-6	2	0	1	3	3	72	211	176			
4665	20	45	0	2	851	1	2	2	87	328				
4665	10	45	0	2	0	1	3	3	391	99	40			
4666	20	42	-13	2	0	1	2	2	89	328				
4666	10	42	-13	2	0	1	5	5	51	130	149	342	176	
4669	00	47	-7	2	0	1	5	5	219	209	343	106	169	
4670	20	40	0	2	0	2	2	2	89	328				
4670	10	40	0	2	0	1	3	3	67	294	342			
4671	20	45	-9	2	0	1	2	2	89	328				
4672	20	40	-4	2	0	1	6	6	177	197	192	341	89	328
4672	10	40	-4	2	0	1	6	6	67	336	89	216	254	176
4673	20	44	-6	2	0	1	2	2	89	328			
4673	10	44	-6	2	0	1	5	5	391	99	67	72	211
4674	20	47	-8	2	0	1	2	2	89	328			
4674	10	47	-8	2	0	1	5	5	245	245	307	342	176
4675	20	53	-7	2	0	1	2	2	89	328			
4676	10	45	0	2	0	1	2	2	72	216			
4678	20	42	-17	2	0	1	2	2	95	328			
4678	10	42	-17	2	0	1	3	3	403	187	87		
4679	20	40	-8	2	0	1	2	2	87	328			
4679	10	40	-8	2	0	1	4	4	136	193	342	176	
4680	20	53	-7	2	0	2	2	2	89	328			
4680	10	53	-7	2	0	1	3	3	311	15	176		
4681	20	44	-8	2	0	1	2	2	95	328			
4682	20	43	-17	2	0	2	2	2	87	328			
4682	10	43	-17	2	0	1	3	3	379	307	176		
4683	20	42	-16	2	0	1	2	2	95	328			
4683	10	42	-16	2	0	1	3	3	84	51	342	
4684	20	42	-13	2	0	2	2	2	89	328		
4684	10	42	-13	2	0	2	4	4	175	176	211	176
4686	20	53	-4	2	0	2	2	2	89	328		
4686	10	53	-4	2	0	1	2	2	96	402		
4689	20	53	-5	2	0	1	2	2	89	328		
4689	10	53	-5	2	0	1	4	4	204	150	193	342
4690	10	42	-14	2	0	1	4	4	249	162	342	176
4691	20	42	-13	2	0	1	2	2	87	328		
4691	10	42	-13	2	0	1	3	3	135	365	410	
4692	20	40	-16	2	0	2	2	2	89	328		
4692	10	40	-16	2	0	1	3	3	311	15	176	
4693	00	45	-5	1	13	1	3	3	117	125	59	
4700	20	41	-7	3	0	2	2	2	87	328		
4701	10	41	-6	2	0	2	4	4	253	244	193	56
4702	20	57	-4	2	0	1	2	2	89	328		
4702	10	57	-4	2	0	1	5	5	67	72	342	388	176		
4704	20	41	-9	2	0	1	2	2	89	328					
4709	00	42	-3	9	0	1	2	2	226	342					
4718	20	47	-8	3	0	1	2	2	89	328					
4718	10	47	-8	3	0	1	7	7	343	162	343	86	336	89	211
4801	00	59	0	4	0	1	3	3	345	347	342				
4804	00	59	0	4	0	4	2	2	313	102					
4805	00	59	0	4	0	1	4	4	67	244	149	342			
4806	00	59	0	4	0	1	2	2	66	176					
4807	00	59	0	4	0	1	2	2	89	210					
4813	00	59	0	4	0	1	4	4	391	99	53	342			
4814	00	59	0	4	0	3	1	1	214						
4815	00	59	0	4	0	3	1	1	12						
4820	00	59	0	4	0	1	3	3	112	331	342				
4821	00	42	-12	2	0	3	1	1	118						
4823	00	41	-5	2	0	2	2	2	253	230					
4824	00	41	-5	2	0	2	2	2	204	230		
4832	00	40	-2	4	0	3	1	1	67			
4834	00	59	0	4	0	3	1	1	216			
4841	00	59	0	4	0	3	1	1	15			
4843	00	56	-5	4	0	1	4	4	150	123	104	169
4844	00	59	0	4	0	3	1	1	1			
4845	00	41	-2	4	0	3	1	1	102			
4846	00	59	0	2	0	2	2	2	253	230		
4852	00	59	0	4	0	3	1	1	115			
4855	00	51	0	9	0	3	1	1	102			
4856	00	51	0	9	0	1	2	2	96	137		
4857	00	51	0	9	0	3	1	1	110			
4861	00	59	0	4	0	1	2	2	102	104		
4868	00	59	0	4	0	3	1	1	104			
4871	00	59	0	4	0	1	2	2	284	277		
4873	00	42	0	2	0	2	2	2	109	59		
4874	00	59	0	2	0	3	1	1	127								
4875	00	56	-5	4	0	3	1	1	7								
4876	00	59	0	2	0	3	1	1	127								
4879	00	59	0	4	0	3	1	1	176								
4880	00	57	0	4	0	3	1	1	59								
4881	00	59	0	4	0	1	2	2	100	104							
4901	00	42	-6	6	0	1	3	3	293	244	393						
4905	00	40	-3	2	0	5	3	3	373	8	373						
5006	00	40	-3	1	0	1	2	2	100	169							
5016	00	59	0	1	0	1	3	3	178	389	15						
5031	00	45	-14	1	0	1	3	3	192	347	342						
5046	00	45	-9	1	0	1	4	4	267	99	2	14					
5051	00	59	0	1	0	1	2	2	111	342							
5052	00	59	0	1	0	1	9	9	53	70	72	342	407	169	178	389	15
5054	00	59	0	1	13	1	2	2	109	162							
5055	00	59	0	1	13	1	6	6	267	99	204	245	347	342			
5056	20	54	0	1	13	1	5	5	267	343	67	244	342			
5056	10	54	0	1	0	1	2	2	267	343						
5057	00	54	-8	1	0	1	4	4	54	123	112	169				
5058	00	59	0	1	0	1	8	8	267	99	72	336	89	327	128	342
5060	00	43	-3	1	45	1	2	2	292	342						
5062	00	59	0	1	13	1	7	7	267	99	389	70	336	89	211	
5063	00	56	0	1	45	1	2	2	102	15						
5064	00	59	0	1	13	1	6	6	293	123	65	206	86	342		
5069	00	43	-4	1	0	2	3	3	127	347	342					
5070	00	59	0	1	13	1	4	4	395	99	104	169				
5072	00	43	-8	1	0	1	2	2	327	342						
5073	20	59	0	1	13	1	7	7	364	51	130	99	67	244	342	
5073	10	59	0	1	0	5	3	3	87	391	87					
5077	00	59	0	1	13	1	3	3	328	86	15					
5078	00	59	0	1	0	1	6	6	261	186	307	97	249	336		
5080	00	59	0	1	13	1	5	5	173	99	102	53	342			
5081	00	59	0	1	41	1	6	6	387	171	59	112	197	342						
5085	00	59	0	1	0	1	5	5	391	99	336	256	342							
5086	00	59	0	1	13	1	6	6	402	195	343	65	342	1						
5087	00	59	0	1	13	1	4	4	70	327	128	342								
5088	00	59	0	1	0	1	3	3	221	127	344									
5089	00	59	0	1	13	1	3	3	336	89	211									
5090	00	59	0	1	13	1	8	8	261	134	86	99	65	249	169	342				
5093	00	59	0	1	13	1	2	2	102	15										
5094	00	59	0	1	13	1	2	2	17	254										
5096	00	59	0	1	0	1	12	12	341	28	381	252	99	389	70	336	89	407	87	169
5099	00	59	0	1	0	1	3	3	41	226	254									
5100	00	59	0	1	0	1	4	4	150	123	104	169								
5101	00	50	0	1	0	1	7	7	87	284	342	98	178	389	15					
5102	00	59	0	1	13	1	4	4	86	210	267	402								
5103	00	59	0	1	0	3	1	1	403											
5105	00	59	0	1	0	1	3	3	178	389	15									
5114	00	59	0	1	0	1	6	6	53	67	336	89	18	211
5120	00	59	0	1	13	1	2	2	292	342				
5123	00	59	0	1	11	1	3	3	249	167	12			
5124	00	59	0	1	13	1	4	4	244	51	130	176		
5201	00	40	0	2	0	1	2	2	102	25				
5206	00	46	0	2	0	1	3	3	373	341	342			
5207	10	56	0	2	0	1	5	5	210	169	99	67	211	
5208	10	56	0	2	0	1	5	5	210	169	99	67	211	
5209	10	56	-3	2	0	1	5	5	210	169	99	67	211	
5210	10	56	-3	2	0	1	5	5	210	169	99	67	211	
5211	00	56	-2	2	0	1	6	6	389	65	249	169	342	176
5212	10	56	0	2	0	1	5	5	210	169	99	67	211	
5213	10	56	0	2	0	1	5	5	210	169	99	67	211	
5214	10	56	0	2	0	1	5	5	210	169	99	67	211	
5215	10	56	0	2	0	1	5	5	210	169	99	67	211	
5216	10	56	0	2	0	1	5	5	210	169	99	67	211	
5217	10	56	0	2	0	1	5	5	210	169	99	67	211						
5218	10	56	0	2	0	1	5	5	210	169	99	67	211						
5219	10	56	0	2	0	1	5	5	210	169	99	67	211						
5220	10	56	0	2	0	1	5	5	210	169	99	67	211						
5222	20	53	-3	2	441	1	2	2	89	328									
5222	10	53	-3	2	0	1	4	4	65	249	162	342							
5223	20	42	-13	2	441	1	2	2	89	328									
5223	10	42	-13	2	0	1	4	4	65	249	162	342							
5226	00	59	0	2	0	1	5	5	53	171	59	342	176						
5230	10	40	-8	2	0	1	11	11	389	171	59	182	293	51	130	149	249	169	342
5231	00	43	-4	2	0	1	6	6	389	65	249	169	342	176					
5232	00	43	-5	2	0	1	6	6	389	65	249	169	342	176					
5236	00	42	-7	2	0	1	5	5	53	171	59	342	176						
5237	20	42	-9	2	11	1	4	4	65	59	48	342							
5237	10	42	-9	2	11	1	5	5	267	99	67	135	342						
5238	20	42	-9	2	11	1	4	4	65	59	48	342							
5238	10	42	-9	2	11	1	5	5	267	99	67	135	342						
5239	20	42	-9	2	11	1	4	4	65	59	48	342							
5239	10	42	-9	2	11	1	5	5	267	99	67	135	342						
5240	20	42	-9	2	11	1	4	4	65	59	48	342							
5240	10	42	-9	2	11	1	5	5	267	99	67	135	342						
5242	10	59	0	2	0	1	3	3	178	389	15								
5243	10	42	-11	2	0	1	4	4	337	294	15	176							
5244	10	42	-11	2	0	1	4	4	337	294	15	176							
5245	10	40	-9	2	0	1	3	3	178	389	15								
5250	20	45	-12	2	0	1	2	2	328	59									
5251	10	42	-3	2	0	1	3	3	178	389	15								
5252	20	42	-12	2	851	1	2	2	345	328									
5252	10	42	-12	2	0	1	4	4	67	135	347	342							
5253	10	59	0	2	0	1	11	11	389	171	59	182	293	51	130	149	249	162	342
5254	20	40	-16	2	0	1	6	6	177	197	192	341	89	328					
5254	10	40	-16	2	0	1	4	4	263	343	113	342							
5255	10	40	-10	2	0	1	3	3	178	389	15								
5256	10	40	-5	2	0	1	11	11	389	171	59	182	293	51	130	149	249	169	342
5257	20	40	-7	2	851	1	2	2	345	328									
5261	00	47	-9	2	0	1	5	5	150	123	67	244	342						
5262	10	59	0	2	0	1	5	5	210	169	99	67	211						
5263	10	41	-5	2	0	1	5	5	47	48	8	342	176						
5264	20	41	0	2	23	1	2	2	87	328									
5264	10	41	0	2	0	1	5	5	267	99	67	294	342						
5265	00	59	0	2	0	5	3	3	373	48	373								
5266	00	49	-9	2	0	2	2	2	373	342									
5267	00	59	0	2	0	5	3	3	373	48	373								
5269	20	54	-1	2	0	1	2	2	89	328									
5269	10	54	-1	2	0	1	3	3	409	96	171								
5270	20	54	-3	2	0	1	2	2	87	328									
5270	10	54	-3	2	0	1	4	4	175	176	211	176							
5271	20	54	-3	2	0	1	2	2	95	328									
5271	10	54	-3	2	0	1	2	2	40	176				
5274	20	59	0	2	0	2	2	2	89	328				
5274	10	59	0	2	0	1	5	5	245	245	307	342	176	
5275	00	59	0	2	0	1	6	6	389	65	249	169	342	176
5276	20	59	0	2	0	1	2	2	89	328				
5276	10	59	0	2	0	1	5	5	65	249	169	342	176	
5277	20	59	0	2	0	2	2	2	95	328				
5277	10	59	0	2	0	1	4	4	70	48	342	176		
5278	20	59	0	2	0	2	2	2	89	328				
5279	10	59	0	2	0	1	3	3	25	245	245			
5280	10	59	0	2	0	1	3	3	204	112	342			
5282	10	59	0	2	0	1	4	4	204	230	342	176		
5283	20	59	0	2	0	1	3	3	89	328	28			
5283	10	59	0	2	0	1	5	5	67	72	342	388	176	
5284	10	59	0	2	0	1	3	3	178	389	15			
5285	20	59	0	2	0	1	2	2	87	328				
5285	10	59	0	2	0	1	3	3	379	307	176		
5286	20	59	0	2	441	1	2	2	89	328			
5286	10	59	0	2	0	1	4	4	65	249	162	342	
5288	10	59	0	2	0	1	4	4	70	53	48	342	
5289	20	59	0	2	851	1	2	2	345	328			
5289	10	59	0	2	0	1	4	4	67	135	347	342	
5292	20	59	0	2	0	1	2	2	95	328			
5292	10	59	0	2	0	1	5	5	336	51	8	342	176
5293	20	59	0	2	0	1	2	2	87	328			
5293	10	59	0	2	0	1	3	3	48	193	342		
5296	20	59	0	2	0	1	3	3	178	389	15		
5296	10	59	0	2	0	3	1	1	137				
5299	10	54	0	2	0	1	4	4	391	123	216	254	
5301	10	59	0	2	361	1	2	2	40	176			
5302	20	59	0	2	910	1	2	2	95	328			
5302	10	59	0	2	910	1	2	2	67	211			
5303	20	59	0	2	0	2	3	3	167	87	328		
5303	10	59	0	2	0	2	3	3	391	99	40		
5304	00	59	0	2	0	2	2	2	253	230			
5305	10	58	0	2	0	1	5	5	127	342	176	403	340
5306	00	59	0	2	0	1	3	3	373	342	176		
5308	00	59	0	2	0	1	4	4	103	403	342	176	
5310	20	59	0	2	441	1	2	2	89	328			
5310	10	59	0	2	0	1	5	5	293	123	343	102	169
5311	20	59	0	2	851	1	2	2	345	328			
5312	00	59	0	2	0	3	1	1	127				
5313	00	59	0	2	0	3	1	1	127				
5314	00	59	0	2	0	3	1	1	127				
5315	00	59	0	2	0	3	1	1	127				
5316	00	59	0	2	0	3	1	1	127				
5317	20	59	0	2	999	2	2	2	87	328			
5318	20	59	0	2	0	1	2	2	87	328			
5319	20	59	0	2	0	2	2	2	89	328	
5320	20	59	0	2	0	1	3	3	171	59	211
5320	10	59	0	2	0	1	3	3	177	307	284
5321	20	59	0	2	0	1	2	2	89	328	
5321	10	59	0	2	0	1	3	3	59	66	176
5322	20	59	0	2	0	1	2	2	89	328	
5323	20	59	0	2	0	2	2	2	87	328	
5323	10	59	0	2	0	1	3	3	65	71	176
5324	20	59	0	2	0	1	3	3	403	87	342
5325	20	59	0	2	0	2	3	3	280	328	342
5326	10	59	0	2	0	1	3	3	54	254	176
5327	20	59	0	2	0	1	2	2	87	328	
5327	10	59	0	2	0	1	2	2	397	233	
5329	10	59	0	2	131	3	1	1	177		
5333	10	59	0	2	0	1	2	2	102	25	
5334	20	59	0	2	0	1	2	2	345	328	
5335	20	59	0	2	0	2	2	2	89	328			
5335	10	59	0	2	0	2	3	3	136	193	342		
5336	20	59	0	2	0	1	2	2	87	328			
5336	10	59	0	2	0	1	3	3	136	193	342		
5337	20	59	0	2	371	2	2	2	89	328			
5337	10	59	0	2	371	2	5	5	150	123	67	244	342
5341	00	57	0	2	0	1	3	3	375	375	342		
5401	20	53	-7	3	0	1	4	4	119	87	342	176	
5401	10	53	-7	3	0	1	2	2	142	149			
5402	20	53	-4	3	0	2	2	2	87	328			
5402	10	53	-4	3	0	2	4	4	67	244	149	342	
5404	00	45	-12	3	0	1	3	3	249	169	342		
5405	20	42	-12	3	0	1	2	2	95	328			
5405	10	42	-12	3	0	1	3	3	48	342	176		
5406	20	59	0	3	0	1	2	2	95	328			
5406	10	59	0	3	0	1	2	2	73	176			
5407	20	42	-12	3	0	1	2	2	89	328	
5407	10	42	-12	3	0	1	3	3	48	342	176
5408	20	42	-12	3	0	1	2	2	89	328	
5409	20	42	-12	3	0	1	2	2	89	328	
5409	10	42	-12	3	0	1	3	3	48	342	176
5410	20	42	-12	3	0	1	2	2	87	328	
5410	10	42	-12	3	0	1	2	2	287	402	
5411	20	42	-12	3	0	1	2	2	89	328	
5411	10	42	-12	3	0	1	3	3	48	342	176
5412	20	42	-13	3	0	1	2	2	89	328	
5412	10	42	-13	3	0	1	3	3	48	342	176
5413	30	42	-13	3	0	1	2	2	89	328	
5413	20	42	-13	3	0	1	2	2	89	328	
5413	10	42	-13	3	0	1	3	3	48	342	176
5415	20	45	-14	3	0	1	2	2	87	328	
5416	20	42	-13	3	0	1	2	2	89	328	
5416	10	42	-13	3	0	1	3	3	48	342	176
5418	20	42	-12	3	0	1	2	2	95	328	
5418	10	42	-12	3	0	2	2	2	287	402	
5419	20	42	-12	3	0	1	2	2	89	328	
5419	10	42	-12	3	0	1	3	3	48	342	176
5420	20	45	-13	3	0	1	2	2	87	328	
5421	20	42	-15	3	0	1	2	2	89	328	
5421	10	42	-15	3	0	2	3	3	48	342	176
5422	20	42	-15	3	0	1	2	2	89	328	
5422	10	42	-15	3	0	2	3	3	48	342	176
5423	20	42	-15	3	0	1	2	2	89	328	
5423	10	42	-15	3	0	2	3	3	48	342	176
5426	20	42	-15	3	0	1	2	2	95	328	
5426	10	42	-15	3	0	1	3	3	48	342	176
5427	20	42	-19	3	0	1	2	2	95	328	
5427	10	42	-19	3	0	1	3	3	48	342	176
5430	20	45	-15	3	0	1	2	2	95	328		
5430	10	45	-15	3	0	1	3	3	48	342	176	
5431	10	42	-16	3	0	2	4	4	258	347	342	176
5432	20	42	-16	3	0	1	2	2	95	328		
5432	10	42	-16	3	0	1	3	3	48	342	176	
5433	20	59	0	3	0	1	2	2	95	328		
5433	10	59	0	3	0	1	3	3	48	342	176	
5434	20	42	-12	3	0	1	2	2	89	328		
5434	10	42	-12	3	0	1	3	3	48	342	176	
5436	20	42	-12	3	0	1	2	2	89	328		
5436	10	42	-12	3	0	1	2	2	287	402		
5437	20	42	-12	3	0	1	2	2	89	328		
5437	10	42	-12	3	0	1	3	3	48	342	176	
5440	20	59	0	3	0	2	2	2	95	328		
5440	10	59	0	3	0	1	3	3	48	342	176	
5442	20	42	-12	3	0	1	2	2	89	328		
5442	10	42	-12	3	0	1	3	3	48	342	176
5443	20	42	-12	3	0	1	2	2	87	328	
5444	20	59	0	3	910	1	2	2	87	328	
5444	10	59	0	3	910	1	2	2	138	176	
5447	20	42	-13	3	0	1	2	2	95	328	
5447	10	42	-13	3	0	1	3	3	48	342	176
5450	20	42	-12	3	0	1	2	2	95	328	
5450	10	42	-12	3	0	1	3	3	171	59	211
5452	20	42	-10	3	0	1	2	2	89	328	
5452	10	42	-10	3	0	1	3	3	103	403	342
5453	10	40	-17	3	0	1	3	3	307	387	342
5454	20	59	0	3	0	1	2	2	87	328	
5455	20	59	0	3	0	2	2	2	95	328	
5457	20	42	-14	3	0	1	2	2	89	328	
5457	10	42	-14	3	0	1	3	3	48	342	176
5458	10	45	-14	3	0	1	3	3	48	342	176
5459	10	42	-17	3	0	2	4	4	258	347	342	176	
5460	20	41	-6	3	0	1	3	3	95	328	59		
5460	10	41	-6	3	0	1	5	5	173	59	342	347	176
5461	20	41	-6	3	0	1	3	3	95	328	59		
5461	10	41	-6	3	0	1	5	5	173	59	347	342	176
5462	20	59	0	3	0	2	3	3	104	369	342		
5462	10	59	0	3	0	3	1	1	326				
5463	20	41	-7	3	0	1	2	2	102	15			
5463	10	41	-7	3	0	3	1	1	59				
5464	20	42	-16	3	0	1	2	2	87	328			
5464	10	42	-16	3	0	1	3	3	48	342	176		
5466	20	59	0	3	0	1	2	2	87	328			
5466	10	59	0	3	0	1	3	3	53	347	342		
5467	20	44	-10	3	0	2	3	3	104	368	342		
5467	10	44	-10	3	0	3	1	1	326				
5469	00	42	-10	3	0	1	3	3	72	216	254		
5470	00	42	-12	3	0	1	3	3	103	403	342	
5471	30	54	-4	3	831	1	2	2	95	328		
5471	20	54	-4	3	0	1	3	3	76	343	224	
5471	10	54	-4	3	0	1	3	3	177	307	149	
5472	20	54	-1	3	930	1	2	2	87	328		
5472	10	54	-1	3	930	1	3	3	286	87	15	
5473	20	59	0	3	0	2	2	2	328	28		
5473	10	59	0	3	0	1	4	4	67	244	342	176
5474	20	54	-4	3	0	1	2	2	89	328		
5474	10	54	-4	3	0	2	3	3	403	87	342	
5475	00	54	-1	3	0	2	3	3	102	59	342	
5476	20	54	-6	3	0	1	2	2	87	328		
5476	10	54	-6	3	0	1	4	4	391	123	124	342
5477	10	59	0	3	0	2	2	2	60	176		
5478	20	59	0	3	0	1	2	2	89	328		
5478	10	59	0	3	0	1	3	3	72	216	254	
5479	20	59	0	3	0	2	2	2	87	328			
5479	10	59	0	3	0	1	4	4	67	244	149	342	
5480	20	59	0	3	0	2	3	3	124	51	342		
5480	10	59	0	3	0	2	3	3	86	267	89		
5481	20	59	0	3	0	1	2	2	28	328			
5481	10	59	0	3	0	1	4	4	67	244	342	176	
5483	20	59	0	3	930	1	2	2	87	328			
5484	10	59	0	3	831	1	2	2	328	59			
5485	20	59	0	3	0	1	4	4	119	87	342	176	
5485	10	59	0	3	0	2	2	2	142	149			
5486	10	59	0	3	0	1	2	2	142	149			
5487	00	59	0	3	0	1	5	5	72	87	403	342	176
5490	30	59	0	3	0	1	2	2	87	328			
5490	20	59	0	3	0	1	2	2	307	267			
5490	10	59	0	3	0	1	5	5	48	47	379	245	245
5494	20	59	0	3	0	1	2	2	67	12			
5494	10	59	0	3	0	1	3	3	177	307	284		
5495	20	59	0	3	0	1	2	2	89	328			
5496	20	59	0	3	371	1	2	2	89	328			
5496	10	59	0	3	371	1	2	2	72	211			
5497	20	59	0	3	0	1	2	2	95	328			
5497	10	59	0	3	0	1	5	5	336	244	193	12	176
5498	20	59	0	3	0	1	2	2	87	328			
5498	10	59	0	3	0	1	4	4	119	87	342	176	
5499	20	59	0	3	0	1	2	2	89	328			
5499	10	59	0	3	0	1	3	3	48	342	176		
5504	00	59	0	4	0	3	1	1	307				
5505	00	59	0	4	0	2	3	3	87	155	169		
5506	00	59	0	4	0	1	2	2	6	97			
5508	00	50	0	4	0	2	4	4	267	99	194	342	
5511	00	50	0	4	0	3	1	1	102				
5514	00	58	0	4	0	3	1	1	100				
5515	10	58	0	4	0	3	1	1	102									
5517	00	58	0	4	0	3	1	1	102									
5518	00	58	0	4	0	1	4	4	287	102	134	137						
5519	00	58	0	4	0	1	2	2	284	277								
5601	20	42	-6	6	0	1	3	3	182	293	342							
6109	00	62	12	1	11	1	2	2	328	307								
6111	00	62	7	1	0	1	5	5	107	17	87	391	87					
6114	00	62	7	1	45	1	3	3	267	99	28							
6120	00	62	10	1	71	1	4	4	150	123	228	342						
6121	00	64	-4	1	149	2	2	2	326	342								
6123	00	62	9	1	13	1	4	4	244	162	176	401						
6125	00	61	14	1	11	1	10	10	95	78	402	99	9	8	342	17	407	169
6127	00	62	8	1	13	1	6	6	67	336	89	387	72	12				
6128	00	62	9	1	13	1	3	3	249	169	342							
6129	00	62	10	1	13	1	6	6	267	99	87	59	70	342				
6130	00	62	7	1	13	1	3	3	351	402	98							
6131	00	62	15	1	13	3	1	1	139						
6132	00	62	11	1	13	1	6	6	343	180	99	341	17	342	
6133	00	62	10	1	13	1	6	6	293	123	86	250	93	404	
6206	00	62	10	1	13	1	5	5	267	99	387	65	211		
6207	00	61	15	1	999	1	7	7	267	99	53	67	336	89	211
6209	00	64	-1	1	13	1	2	2	69	15					
6210	00	62	7	1	13	1	5	5	205	373	86	373	12		
6211	00	62	7	1	0	1	4	4	267	99	87	60			
6213	00	62	7	1	13	1	4	4	86	293	176	342			
6214	00	62	9	1	13	1	4	4	267	99	102	162			
6217	00	61	14	1	13	1	5	5	267	99	387	72	211		
6222	00	62	9	1	13	1	5	5	293	123	343	102	190		
6223	00	62	10	1	13	1	5	5	341	197	123	406	162		
6224	00	62	8	1	13	1	5	5	267	99	87	48	342		
6225	00	61	14	1	13	1	2	2	121	14					
6226	00	62	11	1	13	1	3	3	65	135	342				
6227	00	62	10	1	13	1	6	6	198	302	343	72	387	342		
6228	00	62	7	1	13	1	4	4	67	8	342	12				
6229	00	62	4	1	13	1	7	7	104	149	180	99	403	87	342	
6230	00	62	9	1	13	1	5	5	186	293	99	109	342			
6231	00	62	10	1	13	1	7	7	293	123	343	86	249	162	14	
6232	00	62	9	1	13	1	2	2	327	254						
6234	00	62	11	2	0	2	3	3	86	336	321					
6235	00	62	10	2	11	1	2	2	169	342						
6301	00	62	7	4	0	1	2	2	48	342						
6303	00	62	-1	4	0	3	1	1	214							
6304	00	62	-1	4	0	1	3	3	51	155	211					
6306	10	62	9	6	0	1	8	8	109	59	367	380	314	106	18	162
7002	00	79	0	1	13	1	2	2	104	15						
7004	00	79	0	1	0	2	2	2	226	254						
7005	00	79	0	1	13	1	5	5	267	402	99	124	162			
7006	00	79	0	1	0	1	3	3	248	406	169					
7007	00	79	0	1	0	1	3	3	246	407	169						
7009	00	79	0	1	11	1	7	7	204	230	67	72	336	89	211		
7011	00	79	0	1	0	1	2	2	216	254							
7013	00	79	0	1	0	1	9	9	293	123	387	87	59	294	249	169	342
7015	00	79	0	1	13	1	6	6	18	381	99	72	216	254			
7017	00	79	0	1	0	1	7	7	293	77	245	126	97	106	169		
7020	00	79	0	1	0	1	6	6	249	214	97	258	347	342			
7024	00	79	0	1	13	1	6	6	320	32	123	67	53	342			
7027	00	79	0	1	0	1	2	2	256	391							
7028	00	79	0	1	45	1	6	6	244	343	72	66	127	168			
7029	00	79	0	1	0	1	2	2	216	342							
7031	00	79	0	1	13	1	8	8	18	162	123	72	216	254	97	175	
7032	00	79	0	1	0	1	5	5	17	169	123	102	190				
7035	00	79	0	1	13	1	3	3	103	403	342						
7039	00	79	0	1	0	2	3	3	17	267	342						
7040	00	79	0	1	0	1	2	2	106	15							
7042	00	79	0	1	0	2	5	5	286	99	47	347	342	
7043	00	79	0	1	13	1	3	3	65	135	342			
7045	00	79	0	1	13	1	6	6	293	123	343	249	169	342
7047	00	79	0	1	13	1	4	4	391	123	25	15		
7048	40	79	0	1	0	3	1	1	59					
7048	30	79	0	1	0	3	1	1	409					
7048	20	79	0	1	0	3	1	1	158					
7048	10	79	0	1	0	3	1	1	103					
7049	00	79	0	1	11	1	3	3	162	249	12			
7053	00	79	0	1	13	1	3	3	67	8	12			
7056	00	79	0	1	0	1	4	4	65	67	294	342		
7057	00	79	0	1	890	1	4	4	65	72	222	254		
7063	00	79	0	1	0	1	4	4	400	344	102	169		
7065	00	79	0	1	0	1	5	5	402	121	121	336	197	
7066	00	79	0	1	11	1	5	5	267	99	72	342	1	
7069	00	79	0	1	0	1	6	6	391	123	128	342	216	254
7072	00	79	0	1	0	1	2	2	107	169					
7075	00	79	0	1	0	5	2	2	373	373					
7077	00	79	0	1	0	1	4	4	204	245	342	1			
7078	00	79	0	1	13	1	3	3	205	104	162				
7080	00	79	0	1	13	1	7	7	86	197	99	65	8	342	1
7081	00	79	0	1	13	1	7	7	361	169	402	123	98	102	190
7082	00	79	0	1	0	1	5	5	153	153	171	59	211		
7086	00	79	0	1	13	2	5	5	100	47	99	98	173		
7088	00	79	0	1	13	1	5	5	267	99	70	348	342		
7090	00	79	0	1	0	1	5	5	267	99	65	222	254		
7094	00	79	0	1	11	1	5	5	258	347	342	98	141		
7095	00	79	0	1	0	2	3	3	267	99	375				
7096	00	79	0	1	13	1	4	4	391	99	86	171			
7097	00	79	0	1	0	1	3	3	403	87	342				
7098	00	79	0	1	0	3	1	1	219						
7099	10	79	0	1	0	2	3	3	197	86	123				
7100	00	79	0	1	0	2	2	2	292	342						
7101	00	79	0	1	13	1	3	3	72	48	342					
7102	00	79	0	1	13	1	5	5	247	267	99	186	211			
7105	00	79	0	1	0	2	5	5	389	70	99	287	59			
7106	00	79	0	1	0	1	3	3	72	48	342					
7107	00	79	0	1	45	1	8	8	162	267	99	48	342	59	327	254
7111	00	79	0	1	0	1	3	3	284	99	173					
7112	00	79	0	1	0	1	3	3	267	99	113					
7201	10	79	0	2	13	1	4	4	169	169	169	1				
7202	00	79	0	2	11	1	3	3	32	249	186					
7203	00	79	0	2	71	1	4	4	267	99	113	342				
7204	00	79	0	2	13	1	5	5	150	123	105	17	169			
7205	00	79	0	2	71	1	4	4	267	99	113	342				
7206	00	79	0	2	71	1	4	4	267	99	113	342				
7215	20	79	0	2	0	1	6	6	286	99	87	249	162	342		
7220	00	79	0	2	0	1	7	7	245	245	99	67	72	59	211	
7228	00	79	0	2	71	1	4	4	267	99	113	342				
7230	00	79	0	2	71	1	4	4	267	99	113	342				
7231	00	79	0	2	71	1	4	4	267	99	113	342				
7232	00	79	0	2	71	1	4	4	267	99	113	342				
7233	00	79	0	2	71	1	4	4	267	99	113	342				
7234	00	79	0	2	71	1	4	4	267	99	113	342				
7236	10	79	0	2	0	1	8	8	336	209	343	98	121	59	342	1
7240	00	79	0	2	0	1	4	4	100	17	8	342				
7244	00	79	0	2	13	1	5	5	204	245	358	342	12			
7247	10	79	0	2	0	1	5	5	150	123	67	72	211			
7249	20	79	0	2	13	1	3	3	267	99	66					
7249	10	79	0	2	11	1	8	8	336	209	343	98	121	59	342	1
7251	20	79	0	2	0	1	3	3	267	99	66					
7252	00	79	0	2	13	1	7	7	245	245	99	67	72	59	211	
7253	10	79	0	2	13	1	8	8	336	209	343	98	121	59	342	1
7255	00	79	0	2	11	1	3	3	267	99	66					
7265	00	79	0	2	13	1	8	8	336	209	343	98	121	59	342	1		
7267	20	79	0	2	11	1	3	3	267	99	66							
7269	00	79	0	2	0	1	3	3	267	99	66							
7274	00	79	0	2	13	1	4	4	59	28	336	182						
7277	10	79	0	2	0	1	5	5	402	99	70	8	342					
7278	00	79	0	2	251	1	4	4	267	99	86	5						
7279	00	79	0	2	11	1	3	3	336	89	211							
8001	00	89	0	1	0	2	2	2	149	342								
8002	00	89	0	1	45	1	2	2	303	121								
8003	00	82	0	1	0	1	2	2	51	302								
8004	00	89	0	1	14	2	4	4	216	98	319	342						
8006	00	81	0	1	13	1	10	10	402	99	249	267	402	99	51	130	149	342
8007	00	81	0	1	999	1	3	3	175	341	342							
8008	00	81	0	1	13	1	4	4	89	89	12	274						
8009	00	81	0	1	13	1	4	4	87	244	206	86						
8013	00	82	0	1	730	1	2	2	119	12								
8016	00	81	0	1	0	1	5	5	307	86	99	98	107			
8017	00	81	0	1	13	1	6	6	28	343	387	67	72	211		
8021	00	82	0	1	13	1	5	5	287	102	59	342	1			
8022	00	82	0	1	22	1	2	2	267	99						
8023	00	82	0	1	0	1	4	4	387	72	48	342				
8024	00	82	0	1	680	1	2	2	102	169						
8025	00	82	0	1	65	1	3	3	267	99	73					
8026	00	82	0	1	13	1	8	8	293	123	343	100	17	81	89	89
8027	00	82	0	1	14	1	2	2	228	342						
8029	00	81	0	1	13	1	6	6	89	391	99	127	127	342		
8031	00	82	0	1	262	2	2	2	104	162						
8033	00	82	0	1	0	1	3	3	171	99	278					
8034	00	81	0	1	13	1	5	5	287	373	171	341	342			
8037	00	81	0	1	11	1	7	7	160	22	125	59	99	70	211	
8038	00	81	0	1	41	1	7	7	205	395	99	192	343	167	127	
8039	00	82	0	1	312	1	7	7	344	217	344	103	403	347	342	
8040	00	82	0	1	14	1	5	5	17	230	99	356	180				
8042	00	82	0	1	131	3	1	1	59								
8043	00	81	0	1	13	1	9	9	343	229	233	59	97	389	48	17	342
8047	00	81	0	1	11	1	2	2	417	12							
8048	00	81	0	1	31	1	2	2	70	211							
8051	00	81	0	1	13	1	5	5	244	343	112	194	342				
8052	00	81	0	1	138	3	1	1	59								
8054	00	81	0	1	351	1	4	4	84	127	343	163					
8055	00	81	0	1	0	1	4	4	204	367	342	176					
8058	00	81	0	1	13	1	2	2	106	169							
8059	00	82	0	1	0	1	3	3	89	2	162						
8061	00	89	0	1	0	1	2	2	124	12							
8062	00	89	0	1	13	1	7	7	391	99	87	59	70	194	342		
8072	00	89	0	1	72	1	7	7	341	127	373	373	267	94	347		
8101	10	89	0	2	0	1	6	6	375	202	99	201	342	1			
8104	10	82	0	2	0	1	5	5	391	99	162	267	342				
8108	00	81	0	2	11	1	8	8	1	1	121	121	99	172	304	307
8109	00	81	0	2	11	1	8	8	1	1	121	121	99	172	304	307
8110	00	81	0	2	11	1	8	8	1	1	121	121	99	172	304	307
8111	00	81	0	2	11	1	8	8	1	1	121	121	99	172	304	307
8112	00	81	0	2	11	1	8	8	1	1	121	121	99	172	304	307
8113	00	81	0	2	11	1	8	8	1	1	121	121	99	172	304	307
8115	00	81	0	2	11	1	8	8	1	1	121	121	99	172	304	307
8117	20	89	0	2	13	1	2	2	87	328						
8117	10	89	0	2	0	1	3	3	76	342	176					
8119	10	89	0	2	13	1	6	6	267	99	175	230	53	342		
8122	00	89	0	2	13	1	4	4	267	99	102	162				
8201	00	81	0	4	0	1	4	4	249	167	342	176				
8202	00	81	0	4	0	1	3	3	328	53	342					
8204	00	89	0	4	0	1	2	2	245	342						
8209	00	89	0	4	0	3	1	1	47							
8212	00	89	0	4	0	1	2	2	344	216						
8213	00	89	0	4	0	1	2	2	102	169								
8214	00	89	0	4	0	3	1	1	269									
8215	00	89	0	4	0	1	3	3	121	342	176							
8218	00	89	0	4	0	1	2	2	48	342								
8220	00	89	0	4	0	1	3	3	89	375	162							
8301	20	82	0	6	0	3	1	1	106									
8302	20	82	0	6	0	3	1	1	313									
9001	00	91	0	1	13	1	5	5	267	99	72	387	342					
9011	00	91	0	1	13	1	10	10	28	249	162	99	65	340	41	245	347	342
9021	10	91	0	1	0	2	3	3	171	60	176							
9022	20	91	0	2	13	1	3	3	112	194	342							
9022	10	91	0	2	13	1	4	4	65	87	284	342						
9031	00	91	0	4	0	3	1	1	65									
9042	00	91	0	4	0	3	1	1	146									
9061	00	91	0	4	0	2	2	2	112	169								
9062	00	91	0	4	0	2	2	2	112	169								
9063	00	91	0	4	0	2	2	2	112	169						
9071	00	91	0	1	0	1	8	8	267	99	98	67	72	182	293	342
9091	00	91	0	1	13	1	6	6	391	28	162	99	104	162		
9094	00	91	0	4	0	3	1	1	391							
9101	00	91	0	4	0	1	5	5	365	216	342	414	59			
9102	00	91	0	4	0	1	3	3	365	111	342					
9103	00	91	0	4	0	3	1	1	213							
9111	00	91	0	1	0	1	7	7	336	307	123	48	342	226	254	
9121	00	91	0	1	13	1	5	5	267	99	86	325	12			
9201	00	91	0	1	104	1	4	4	43	180	99	66				
9202	00	91	0	1	112	1	2	2	267	99						
9203	00	91	0	1	148	1	2	2	267	99						
9205	00	91	0	1	0	1	4	4	150	123	102	190				
9221	00	91	0	4	0	1	3	3	175	180	400					
9801	00	98	0	1	47	2	8	8	173	10	97	121	185	97	297	57
9811	00	98	0	2	13	1	5	5	29	336	99	104	162			
9822	00	98	0	1	13	1	8	8	173	403	123	102	59	249	162	342
9832	00	98	0	1	41	1	5	5	254	74	297	184	3			
9846	00	98	0	1	41	1	5	5	171	387	97	341	107			
9901	00	99	0	1	45	1	5	5	178	53	97	342	342			
9904	00	99	0	1	41	1	5	5	11	326	21	21	153			
9905	00	99	0	1	810	2	3	3	59	59	167					
